Relatório Atividades;;;;;;;
;;;;;;;
Gerado em: 03/07/2026 10:15:49;;;;;;;
;;;;;;;
Detalhamento: Atividade;;;;;;;
;;;;;;;
UF filtrada: Ignorado (detalhamento por Atividade);;;;;;;
;;;;;;;
Caderno filtrado: Ignorado;;;;;;;
;;;;;;;
Atividades: Todas as atividades;;;;;;;
;;;;;;;
Atividade;Total de perfis;Básicos;Completos;Campanhas;Capa;Tel. a atualizar;E-mails a atualizar
ABATE DE AVES;937;937;0;0;0;9;293
ABATE DE PEQUENOS ANIMAIS;31;31;0;0;0;0;5
ACABAMENTO DE CALÇADOS DE COURO;6665;6665;0;0;0;43;1148
ACUPUNTURA;529;529;0;0;0;6;24
ADMINISTRAÇĂO DA INFRA-ESTRUTURA PORTUÁRIA;15;15;0;0;0;0;3
ADMINISTRAÇĂO DE CARTŐES DE CRÉDITO;146;146;0;0;0;2;8
ADMINISTRAÇĂO DE FUNDOS POR CONTRATO OU COMISSĂO;503;503;0;0;0;0;29
ADMINISTRAÇĂO DE OBRAS;5380;5380;0;0;0;47;222
ADMINISTRAÇĂO PÚBLICA EM GERAL;1;1;0;0;0;0;1
ADMINISTRAÇĂO REGIONAL / PREFEITURA;7;1;0;0;6;2;0
AGENCIAMENTO DE CARGAS;1098;1098;0;0;0;5;74
AGENCIAMENTO DE ESPAÇOS PARA PUBLICIDADE;2848;2848;0;0;0;24;326
AGENCIAMENTO DE PROFISSIONAIS PARA ATIVIDADES ESPORTIVAS, CULTURAIS E ARTÍSTICAS;2769;2769;0;0;0;33;208
AGENCIAMENTO MARÍTIMO;512;512;0;0;0;2;37
AGENTE DE PROPRIEDADE INDUSTRIAL;607;607;0;0;0;5;23
AGENTES DE INVESTIMENTOS EM APLICAÇŐES FINANCEIRAS;12;12;0;0;0;0;1
AGRICULTURA;4024;4024;0;0;0;20;456
AGĘNCIAS DE NOTÍCIAS;2586;2586;0;0;0;41;273
AGĘNCIAS DE PUBLICIDADE;13954;13953;1;0;0;109;722
AGĘNCIAS DE VIAGENS;69011;69009;2;0;0;654;4588
AGĘNCIAS MATRIMONIAIS;1680;1680;0;0;0;19;202
ALBERGUES ASSISTENCIAIS;25;25;0;0;0;0;7
ALBERGUES, EXCETO ASSISTENCIAIS;1595;1595;0;0;0;11;133
ALFAIATES;1;1;0;0;0;1;0
ALOJAMENTO DE ANIMAIS DOMÉSTICOS;8431;8431;0;0;0;92;553
ALUGUEL DE ANDAIMES;2268;2268;0;0;0;23;229
ALUGUEL DE APARELHOS DE JOGOS ELETRÔNICOS;1785;1785;0;0;0;23;240
ALUGUEL DE EQUIPAMENTOS CIENTÍFICOS, MÉDICOS E HOSPITALARES;2090;2090;0;0;0;20;106
ALUGUEL DE EQUIPAMENTOS RECREATIVOS E ESPORTIVOS;14268;14268;0;0;0;80;1345
ALUGUEL DE FITAS DE VÍDEO, DVDS E SIMILARES;2639;2639;0;0;0;44;901
ALUGUEL DE IMÓVEIS PRÓPRIOS;57;57;0;0;0;2;11
ALUGUEL DE MATERIAL MÉDICO;592;592;0;0;0;8;41
ALUGUEL DE MÁQUINAS E EQUIPAMENTOS AGRÍCOLAS;6265;6265;0;0;0;30;722
ALUGUEL DE MÁQUINAS E EQUIPAMENTOS PARA CONSTRUÇĂO;19300;19300;0;0;0;92;1592
ALUGUEL DE MÁQUINAS E EQUIPAMENTOS PARA ESCRITÓRIOS;3136;3136;0;0;0;31;252
ALUGUEL DE MÁQUINAS E EQUIPAMENTOS PARA EXTRAÇĂO DE MINÉRIOS E PETRÓLEO;68;68;0;0;0;1;7
"ALUGUEL DE MÓVEIS, UTENSÍLIOS E APARELHOS DE USO DOMÉSTICO E PESSOAL; INSTRUMENTOS MUSICAIS";18524;18524;0;0;0;160;1357
ALUGUEL DE OBJETOS DO VESTUÁRIO, JÓIAS E ACESSÓRIOS;6722;6722;0;0;0;45;964
ALUGUEL DE OUTRAS MÁQUINAS E EQUIPAMENTOS COMERCIAIS E INDUSTRIAIS;18186;18186;0;0;0;123;1047
ALUGUEL DE OUTROS OBJETOS PESSOAIS E DOMÉSTICOS;593;593;0;0;0;6;78
ALUGUEL DE PALCOS, COBERTURAS E OUTRAS ESTRUTURAS DE USO TEMPORÁRIO;6168;6168;0;0;0;37;582
ALVEJAMENTO, TINGIMENTO E TORÇĂO EM FIOS, TECIDOS, ARTEFATOS TĘXTEIS E PEÇAS DO VESTUÁRIO;187;187;0;0;0;3;45
APARELHAMENTO DE PEDRAS PARA CONSTRUÇĂO;805;805;0;0;0;7;224
APARELHAMENTO DE PLACAS E EXECUÇĂO DE TRABALHOS EM MÁRMORE, GRANITO, ARDÓSIA E OUTRAS PEDRAS;17928;17928;0;0;0;148;1903
APART-HOTÉIS;446;446;0;0;0;9;79
APICULTURA;3403;3403;0;0;0;44;202
APLICAÇĂO DE REVESTIMENTOS E DE RESINAS EM INTERIORES E EXTERIORES;33541;33541;0;0;0;308;3796
AR-CONDICIONADO - ART E EQUIP;2;2;0;0;0;2;0
AR-CONDICIONADO - LOCAÇĂO| PROJETO E INSTALAÇĂO;1;1;0;0;0;1;0
ARMAZÉNS GERAIS - EMISSĂO DE WARRANT;905;905;0;0;0;5;116
ARQUITETURA;23356;23356;0;0;0;212;1317
ASSOCIAÇŐES BENEFICENTES;5625;0;5625;0;0;0;0
ASSOCIAÇŐES DE DEFESA DE DIREITOS SOCIAIS;1;1;0;0;0;0;0
ATENÇĂO AMBULATORIAL;14548;14548;0;0;0;157;567
ATIVIDADE MÉDICA AMBULATORIAL COM RECURSOS PARA REALIZAÇĂO DE EXAMES COMPLEMENTARES;12207;12207;0;0;0;71;1123
ATIVIDADE MÉDICA AMBULATORIAL COM RECURSOS PARA REALIZAÇĂO DE PROCEDIMENTOS CIRÚRGICOS;8087;8087;0;0;0;162;541
ATIVIDADES AUXILIARES DA JUSTIÇA;5;5;0;0;0;0;2
ATIVIDADES AUXILIARES DOS SEGUROS, DA PREVIDĘNCIA COMPLEMENTAR E DOS PLANOS DE SAÚDE;698;698;0;0;0;12;76
ATIVIDADES AUXILIARES DOS TRANSPORTES AQUAVIÁRIOS NĂO ESPECIFICADAS ANTERIORMENTE;204;204;0;0;0;1;34
ATIVIDADES DE APOIO Ŕ EXTRAÇĂO DE MINERAIS METÁLICOS NĂO FERROSOS;115;115;0;0;0;0;5
ATIVIDADES DE APOIO Ŕ EXTRAÇĂO DE MINERAIS NĂO METÁLICOS;285;285;0;0;0;0;26
ATIVIDADES DE APOIO Ŕ EXTRAÇĂO DE MINÉRIO DE FERRO;53;53;0;0;0;0;5
ATIVIDADES DE APOIO Ŕ EXTRAÇĂO DE PETRÓLEO E GÁS NATURAL;174;174;0;0;0;3;8
ATIVIDADES DE APOIO Ŕ GESTĂO DE SAÚDE;3254;3254;0;0;0;29;183
ATIVIDADES DE APOIO Ŕ PECUÁRIA NĂO ESPECIFICADAS ANTERIORMENTE;1281;1281;0;0;0;12;169
ATIVIDADES DE APOIO Ŕ PESCA EM ÁGUA DOCE;30;30;0;0;0;0;1
ATIVIDADES DE APOIO Ŕ PESCA EM ÁGUA SALGADA;40;40;0;0;0;0;11
ATIVIDADES DE APOIO Ŕ PRODUÇĂO FLORESTAL;2032;2032;0;0;0;13;172
Atividades de apoio ŕ aqüicultura em água doce;70;70;0;0;0;0;7
Atividades de apoio ŕ aqüicultura em água salgada e salobra;28;28;0;0;0;1;4
ATIVIDADES DE ARTISTAS PLÁSTICOS, JORNALISTAS INDEPENDENTES E ESCRITORES;1826;1826;0;0;0;21;112
ATIVIDADES DE ASSISTĘNCIA A DEFICIENTES FÍSICOS, IMUNODEPRIMIDOS E CONVALESCENTES;131;131;0;0;0;2;6
ATIVIDADES DE ASSISTĘNCIA PSICOSSOCIAL E Ŕ SAÚDE A PORTADORES DE DISTÚRBIOS PSÍQUICOS, DEFICIĘNCIA MENTAL E DEPENDĘNCIA QUÍMICA E GRUPOS SIMILARES;978;978;0;0;0;5;55
ATIVIDADES DE ASSISTĘNCIA SOCIAL PRESTADAS EM RESIDĘNCIAS COLETIVAS E PARTICULARES NĂO ESPECIFICADAS ANTERIORMENTE;207;207;0;0;0;1;10
ATIVIDADES DE BANCO DE LEITE HUMANO;1;1;0;0;0;0;0
ATIVIDADES DE COBRANÇAS E INFORMAÇŐES CADASTRAIS;51417;51417;0;0;0;514;3864
ATIVIDADES DE FISIOTERAPIA;32472;32472;0;0;0;254;2253
ATIVIDADES DE FONOAUDIOLOGIA;10725;10725;0;0;0;95;430
ATIVIDADES DE FORNECIMENTO DE INFRA-ESTRUTURA DE APOIO E ASSISTĘNCIA A PACIENTE NO DOMICÍLIO;147010;147010;0;0;0;2441;10723
ATIVIDADES DE LIMPEZA;24452;24452;0;0;0;237;1957
ATIVIDADES DE PÓS-COLHEITA;733;733;0;0;0;2;104
ATIVIDADES DE PÓS-PRODUÇĂO CINEMATOGRÁFICA, DE VÍDEOS E DE PROGRAMAS DE TELEVISĂO;83612;83612;0;0;0;1201;1146
ATIVIDADES DE RÁDIO;2740;2740;0;0;0;40;405
ATIVIDADES DE SERVIÇOS DE COMPLEMENTAÇĂO DIAGNÓSTICA E TERAPĘUTICA NĂO ESPECIFICADAS ANTERIORMENTE;735;735;0;0;0;13;90
ATIVIDADES DE TELEVISĂO ABERTA;576;576;0;0;0;7;88
ATIVIDADES DE VIGILÂNCIA E SEGURANÇA PRIVADA;7291;7291;0;0;0;28;1090
ATIVIDADES FUNERÁRIAS E SERVIÇOS RELACIONADOS NĂO ESPECIFICADOS ANTERIORMENTE;671;671;0;0;0;4;126
ATIVIDADES RELACIONADAS A ESGOTO, EXCETO A GESTĂO DE REDES;3384;3384;0;0;0;29;380
AUDITORIA E CONSULTORIA ATUARIAL;258;258;0;0;0;4;12
AÇAÍ;86;86;0;0;0;1;4
BARES E OUTROS ESTABELECIMENTOS ESPECIALIZADOS EM SERVIR BEBIDAS, COM ENTRETENIMENTO;72697;72697;0;0;0;688;2888
BARES E OUTROS ESTABELECIMENTOS ESPECIALIZADOS EM SERVIR BEBIDAS, SEM ENTRETENIMENTO;137700;137700;0;0;0;795;40642
BATATA;6;6;0;0;0;0;1
BENEFICIAMENTO DE ARROZ;141;141;0;0;0;8;49
BENEFICIAMENTO DE CAFÉ;126;126;0;0;0;3;10
BENEFICIAMENTO DE CARVĂO MINERAL;11;11;0;0;0;0;1
BENEFICIAMENTO DE GESSO E CAULIM ASSOCIADO Ŕ EXTRAÇĂO;30;30;0;0;0;0;1
BENEFICIAMENTO DE MINÉRIO DE ESTANHO;12;12;0;0;0;0;4
BENEFICIAMENTO DE MINÉRIO DE MANGANĘS;6;6;0;0;0;0;0
BENEFICIAMENTO DE MINÉRIO DE METAIS PRECIOSOS;22;22;0;0;0;0;4
BENEFICIAMENTO DE MINÉRIOS DE COBRE, CHUMBO, ZINCO E OUTROS MINERAIS METÁLICOS NĂO FERROSOS;4;4;0;0;0;0;1
BIBLIOTECAS E ARQUIVOS;110;110;0;0;0;0;12
BRITAMENTO DE PEDRAS, EXCETO ASSOCIADO Ŕ EXTRAÇĂO;1090;1090;0;0;0;24;88
CABELEIREIROS E INSTITUTOS DE BELEZA;1;0;1;0;0;1;0
CABELEIREIROS, MANICURE E PEDICURE;878189;878189;0;0;0;8136;118463
CACAU;59;59;0;0;0;0;2
CAJU;22;22;0;0;0;0;6
CAMPINGS;1336;1336;0;0;0;8;178
CANA DE AÇUCAR;415;415;0;0;0;4;14
CANTINAS - SERVIÇOS DE ALIMENTAÇĂO PRIVATIVOS;10457;10457;0;0;0;115;1294
CAPTAÇĂO, TRATAMENTO E DISTRIBUIÇĂO DE ÁGUA;303;303;0;0;0;1;21
CARGA E DESCARGA;36221;36221;0;0;0;399;3154
CARTÓRIOS;1;1;0;0;0;0;1
CARTŐES DE VISITA;1;1;0;0;0;1;0
CASAS DE BINGO;10;10;0;0;0;2;2
CASAS DE FESTAS E EVENTOS;24363;24363;0;0;0;172;2416
CASAS LOTÉRICAS;9428;9428;0;0;0;128;2042
CAÇA E SERVIÇOS RELACIONADOS;10;10;0;0;0;0;2
CEBOLA;16;16;0;0;0;0;4
CELULARES - ACESSÓRIOS;1;0;1;0;0;1;0
CENTROS DE APOIO A PACIENTES COM CÂNCER E COM AIDS;5;5;0;0;0;0;1
CENTROS DE ASSISTĘNCIA PSICOSSOCIAL;197;197;0;0;0;1;7
CERTIFICAÇĂO DIGITAL;1;1;0;0;0;1;0
CHAVEIROS;17517;17517;0;0;0;154;2415
CHOCOLATES - ATAC E FAB;1;1;0;0;0;1;0
CINEMA EXIBIÇĂO;377;377;0;0;0;2;62
CLINICA MÉDICA AMBULATORIAL RESTRITA A CONSULTAS;84034;84034;0;0;0;1524;5049
CLUBES SOCIAIS, ESPORTIVOS E SIMILARES;1414;1414;0;0;0;4;156
CLÍNICAS E RESIDĘNCIAS GERIÁTRICAS;596;596;0;0;0;3;68
COLETA DE CASTANHA-DO-PARÁ EM FLORESTAS NATIVAS;10;10;0;0;0;0;1
COLETA DE LÁTEX EM FLORESTAS NATIVAS;77;77;0;0;0;0;2
COLETA DE OUTROS PRODUTOS AQUÁTICOS DE ÁGUA DOCE;12;12;0;0;0;0;6
COLETA DE OUTROS PRODUTOS MARINHOS;1;1;0;0;0;0;0
COLETA DE PALMITO EM FLORESTAS NATIVAS;3;3;0;0;0;0;0
COLETA DE PRODUTOS NĂO MADEIREIROS NĂO ESPECIFICADOS ANTERIORMENTE EM FLORESTAS NATIVAS;109;109;0;0;0;0;20
COLETA DE RESÍDUOS NĂO PERIGOSOS;16835;16835;0;0;0;117;2590
COLETA DE RESÍDUOS PERIGOSOS;535;535;0;0;0;7;80
COMERCIO VAREJISTA DE ARTIGOS DE ARMARINHO;93760;93760;0;0;0;972;12956
COMERCIO VAREJISTA DE ARTIGOS DE CAMA, MESA E BANHO;68291;68291;0;0;0;465;12043
COMISSARIA DE DESPACHOS;707;707;0;0;0;8;46
COMPRA E VENDA DE IMÓVEIS PRÓPRIOS;5056;5056;0;0;0;54;496
COMPRAS E SERVIÇOS;93626;93626;0;0;0;967;4722
COMÉRCIO A VAREJO DE AUTOMÓVEIS, CAMIONETAS E UTILITÁRIOS NOVOS;3572;3572;0;0;0;26;451
COMÉRCIO A VAREJO DE AUTOMÓVEIS, CAMIONETAS E UTILITÁRIOS USADOS;14949;14949;0;0;0;125;1712
COMÉRCIO A VAREJO DE MOTOCICLETAS E MOTONETAS NOVAS;2152;2152;0;0;0;23;306
COMÉRCIO A VAREJO DE MOTOCICLETAS E MOTONETAS USADAS;1464;1464;0;0;0;11;157
COMÉRCIO A VAREJO DE PEÇAS E ACESSÓRIOS NOVOS PARA MOTOCICLETAS E MOTONETAS;56750;56750;0;0;0;375;7687
COMÉRCIO A VAREJO DE PEÇAS E ACESSÓRIOS NOVOS PARA VEÍCULOS AUTOMOTORES;149318;149318;0;0;0;1249;17366
COMÉRCIO A VAREJO DE PEÇAS E ACESSÓRIOS USADOS PARA MOTOCICLETAS E MOTONETAS;3016;3016;0;0;0;22;107
COMÉRCIO A VAREJO DE PEÇAS E ACESSÓRIOS USADOS PARA VEÍCULOS AUTOMOTORES;21081;21081;0;0;0;130;2084
COMÉRCIO A VAREJO DE PNEUMÁTICOS E CÂMARAS-DE-AR;11955;11955;0;0;0;89;1711
COMÉRCIO ATACADISTA DE ALGODĂO;13;13;0;0;0;0;1
COMÉRCIO ATACADISTA DE ALIMENTOS PARA ANIMAIS;2838;2838;0;0;0;15;306
COMÉRCIO ATACADISTA DE ANIMAIS VIVOS;610;610;0;0;0;4;65
COMÉRCIO ATACADISTA DE APARELHOS ELETRÔNICOS DE USO PESSOAL E DOMÉSTICO;1364;1364;0;0;0;42;92
COMÉRCIO ATACADISTA DE ARTIGOS DE ARMARINHO;1078;1078;0;0;0;25;129
COMÉRCIO ATACADISTA DE ARTIGOS DE CAMA, MESA E BANHO;647;647;0;0;0;6;74
COMÉRCIO ATACADISTA DE ARTIGOS DE ESCRITÓRIO E DE PAPELARIA;1855;1855;0;0;0;22;223
COMÉRCIO ATACADISTA DE ARTIGOS DE TAPEÇARIA;12;12;0;0;0;0;12
"COMÉRCIO ATACADISTA DE ARTIGOS DE TAPEÇARIA; PERSIANAS E CORTINAS";280;280;0;0;0;1;47
COMÉRCIO ATACADISTA DE ARTIGOS DO VESTUÁRIO E ACESSÓRIOS, EXCETO PROFISSIONAIS E DE SEGURANÇA;6578;6578;0;0;0;87;827
COMÉRCIO ATACADISTA DE AVES ABATIDAS E DERIVADOS;194;194;0;0;0;1;39
COMÉRCIO ATACADISTA DE AVES VIVAS E OVOS;435;435;0;0;0;2;49
COMÉRCIO ATACADISTA DE AÇÚCAR;57;57;0;0;0;0;12
COMÉRCIO ATACADISTA DE BEBIDAS COM ATIVIDADE DE FRACIONAMENTO E ACONDICIONAMENTO ASSOCIADA;577;577;0;0;0;1;64
COMÉRCIO ATACADISTA DE BEBIDAS NĂO ESPECIFICADAS ANTERIORMENTE;1343;1343;0;0;0;25;89
COMÉRCIO ATACADISTA DE BICICLETAS, TRICICLOS E OUTROS VEÍCULOS RECREATIVOS;237;237;0;0;0;5;23
COMÉRCIO ATACADISTA DE BOLSAS, MALAS E ARTIGOS DE VIAGEM;630;630;0;0;0;19;48
COMÉRCIO ATACADISTA DE BOMBAS E COMPRESSORES;12;12;0;0;0;0;12
"COMÉRCIO ATACADISTA DE BOMBAS E COMPRESSORES; PARTES E PEÇAS";385;385;0;0;0;1;45
COMÉRCIO ATACADISTA DE CACAU;104;104;0;0;0;1;5
COMÉRCIO ATACADISTA DE CAFÉ EM GRĂO;249;249;0;0;0;4;23
COMÉRCIO ATACADISTA DE CAFÉ TORRADO, MOÍDO E SOLÚVEL;371;371;0;0;0;3;22
COMÉRCIO ATACADISTA DE CALÇADOS;926;926;0;0;0;4;113
COMÉRCIO ATACADISTA DE CARNES BOVINAS E SUÍNAS E DERIVADOS;1004;1004;0;0;0;10;140
COMÉRCIO ATACADISTA DE CARNES E DERIVADOS DE OUTROS ANIMAIS;88;88;0;0;0;0;12
COMÉRCIO ATACADISTA DE CEREAIS E LEGUMINOSAS BENEFICIADOS;1221;1221;0;0;0;19;193
COMÉRCIO ATACADISTA DE CEREAIS E LEGUMINOSAS BENEFICIADOS, FARINHAS, AMIDOS E FÉCULAS, COM ATIVIDADE DE FRACIONAMENTO E ACONDICIONAMENTO ASSOCIADA;585;585;0;0;0;2;84
COMÉRCIO ATACADISTA DE CERVEJA, CHOPE E REFRIGERANTE;923;923;0;0;0;2;94
COMÉRCIO ATACADISTA DE CHOCOLATES, CONFEITOS, BALAS, BOMBONS E SEMELHANTES;974;974;0;0;0;6;164
COMÉRCIO ATACADISTA DE CIGARROS, CIGARRILHAS E CHARUTOS;2;2;0;0;0;0;1
COMÉRCIO ATACADISTA DE CIMENTO;314;314;0;0;0;3;32
COMÉRCIO ATACADISTA DE COMBUSTÍVEIS DE ORIGEM MINERAL EM BRUTO;10;10;0;0;0;0;1
COMÉRCIO ATACADISTA DE COMBUSTÍVEIS DE ORIGEM VEGETAL, EXCETO ÁLCOOL CARBURANTE;922;922;0;0;0;7;159
COMÉRCIO ATACADISTA DE COMBUSTÍVEIS REALIZADO POR TRANSPORTADOR RETALHISTA (T.R.R.);28;28;0;0;0;0;1
COMÉRCIO ATACADISTA DE COMPONENTES ELETRÔNICOS E EQUIPAMENTOS DE TELEFONIA E COMUNICAÇĂO;1518;1518;0;0;0;31;106
COMÉRCIO ATACADISTA DE COSMÉTICOS E PRODUTOS DE PERFUMARIA;3750;3750;0;0;0;34;359
COMÉRCIO ATACADISTA DE COUROS, LĂS, PELES E OUTROS SUBPRODUTOS NĂO COMESTÍVEIS DE ORIGEM ANIMAL;397;397;0;0;0;4;74
COMÉRCIO ATACADISTA DE DEFENSIVOS AGRÍCOLAS, ADUBOS, FERTILIZANTES E CORRETIVOS DO SOLO;2175;2175;0;0;0;12;190
COMÉRCIO ATACADISTA DE EMBALAGENS;4981;4981;0;0;0;55;439
COMÉRCIO ATACADISTA DE ENERGIA ELÉTRICA;1;1;0;0;0;1;0
COMÉRCIO ATACADISTA DE EQUIPAMENTOS DE INFORMÁTICA;1587;1587;0;0;0;25;185
COMÉRCIO ATACADISTA DE EQUIPAMENTOS ELÉTRICOS DE USO PESSOAL E DOMÉSTICO;794;794;0;0;0;32;58
COMÉRCIO ATACADISTA DE FARINHAS, AMIDOS E FÉCULAS;282;282;0;0;0;5;50
COMÉRCIO ATACADISTA DE FERRAGENS E FERRAMENTAS;2599;2599;0;0;0;28;315
COMÉRCIO ATACADISTA DE FILMES, CDS, DVDS, FITAS E DISCOS;97;97;0;0;0;3;23
COMÉRCIO ATACADISTA DE FIOS E FIBRAS BENEFICIADOS;257;257;0;0;0;3;28
COMÉRCIO ATACADISTA DE FRUTAS, VERDURAS, RAÍZES, TUBÉRCULOS, HORTALIÇAS E LEGUMES FRESCOS;4794;4794;0;0;0;49;570
COMÉRCIO ATACADISTA DE FUMO BENEFICIADO;113;113;0;0;0;1;19
COMÉRCIO ATACADISTA DE FUMO EM FOLHA NĂO BENEFICIADO;44;44;0;0;0;0;6
COMÉRCIO ATACADISTA DE INSTRUMENTOS E MATERIAIS PARA USO MÉDICO, CIRÚRGICO, HOSPITALAR E DE LABORATÓRIOS;4179;4179;0;0;0;42;302
COMÉRCIO ATACADISTA DE LEITE E LATICÍNIOS;723;723;0;0;0;4;98
COMÉRCIO ATACADISTA DE LIVROS, JORNAIS E OUTRAS PUBLICAÇŐES;522;522;0;0;0;7;83
COMÉRCIO ATACADISTA DE LUBRIFICANTES;453;453;0;0;0;6;54
COMÉRCIO ATACADISTA DE LUSTRES, LUMINÁRIAS E ABAJURES;272;272;0;0;0;5;23
COMÉRCIO ATACADISTA DE MADEIRA E PRODUTOS DERIVADOS;2357;2357;0;0;0;22;338
COMÉRCIO ATACADISTA DE MASSAS ALIMENTÍCIAS;192;192;0;0;0;1;32
COMÉRCIO ATACADISTA DE MATERIAIS DE CONSTRUÇĂO EM GERAL;3301;3301;0;0;0;21;375
COMÉRCIO ATACADISTA DE MATERIAL ELÉTRICO;1571;1571;0;0;0;15;168
COMÉRCIO ATACADISTA DE MATÉRIAS-PRIMAS AGRÍCOLAS COM ATIVIDADE DE FRACIONAMENTO E ACONDICIONAMENTO ASSOCIADA;219;219;0;0;0;1;36
COMÉRCIO ATACADISTA DE MATÉRIAS-PRIMAS AGRÍCOLAS NĂO ESPECIFICADAS ANTERIORMENTE;568;568;0;0;0;2;71
COMÉRCIO ATACADISTA DE MEDICAMENTOS E DROGAS DE USO HUMANO;1784;1784;0;0;0;13;167
COMÉRCIO ATACADISTA DE MEDICAMENTOS E DROGAS DE USO VETERINÁRIO;312;312;0;0;0;3;36
COMÉRCIO ATACADISTA DE MERCADORIAS EM GERAL, COM PREDOMINÂNCIA DE INSUMOS AGROPECUÁRIOS;1830;1830;0;0;0;8;152
COMÉRCIO ATACADISTA DE MERCADORIAS EM GERAL, COM PREDOMINÂNCIA DE PRODUTOS ALIMENTÍCIOS;2872;2872;0;0;0;19;306
COMÉRCIO ATACADISTA DE MERCADORIAS EM GERAL, SEM PREDOMINÂNCIA DE ALIMENTOS OU DE INSUMOS AGROPECUÁRIOS;1909;1909;0;0;0;29;170
COMÉRCIO ATACADISTA DE MÁQUINAS E EQUIPAMENTOS PARA USO COMERCIAL;51;51;0;0;0;0;51
"COMÉRCIO ATACADISTA DE MÁQUINAS E EQUIPAMENTOS PARA USO COMERCIAL; PARTES E PEÇAS";1390;1390;0;0;0;15;128
COMÉRCIO ATACADISTA DE MÁQUINAS E EQUIPAMENTOS PARA USO INDUSTRIAL;148;148;0;0;0;0;148
"COMÉRCIO ATACADISTA DE MÁQUINAS, APARELHOS E EQUIPAMENTOS PARA USO AGROPECUÁRIO; PARTES E PEÇAS";2930;2930;0;0;0;15;273
"COMÉRCIO ATACADISTA DE MÁQUINAS, APARELHOS E EQUIPAMENTOS PARA USO ODONTO-MÉDICO-HOSPITALAR; PARTES E PEÇAS";1110;1110;0;0;0;5;97
"COMÉRCIO ATACADISTA DE MÁQUINAS, EQUIPAMENTOS PARA TERRAPLENAGEM, MINERAÇĂO E CONSTRUÇĂO; PARTES E PEÇAS";508;508;0;0;0;6;36
COMÉRCIO ATACADISTA DE MÁRMORES E GRANITOS;1287;1287;0;0;0;4;124
COMÉRCIO ATACADISTA DE MÓVEIS E ARTIGOS DE COLCHOARIA;956;956;0;0;0;17;100
"COMÉRCIO ATACADISTA DE OUTRAS MÁQUINAS E EQUIPAMENTOS NĂO ESPECIFICADOS ANTERIORMENTE; PARTES E PEÇAS";2732;2732;0;0;0;19;239
COMÉRCIO ATACADISTA DE OUTROS EQUIPAMENTOS E ARTIGOS DE USO PESSOAL E DOMÉSTICO;4939;4939;0;0;0;121;485
COMÉRCIO ATACADISTA DE OUTROS PRODUTOS QUÍMICOS E PETROQUÍMICOS NĂO ESPECIFICADOS ANTERIORMENTE;918;918;0;0;0;5;133
COMÉRCIO ATACADISTA DE PAPEL E PAPELĂO EM BRUTO;303;303;0;0;0;3;39
COMÉRCIO ATACADISTA DE PESCADOS E FRUTOS DO MAR;1337;1337;0;0;0;17;209
COMÉRCIO ATACADISTA DE PRODUTOS ALIMENTÍCIOS EM GERAL;7160;7160;0;0;0;57;936
COMÉRCIO ATACADISTA DE PRODUTOS ALIMENTÍCIOS EM GERAL, COM ATIVIDADE DE FRACIONAMENTO E ACONDICIONAMENTO ASSOCIADA;479;479;0;0;0;5;63
COMÉRCIO ATACADISTA DE PRODUTOS DA EXTRAÇĂO MINERAL, EXCETO COMBUSTÍVEIS;752;752;0;0;0;6;63
COMÉRCIO ATACADISTA DE PRODUTOS DE HIGIENE PESSOAL;480;480;0;0;0;3;63
COMÉRCIO ATACADISTA DE PRODUTOS DE HIGIENE, LIMPEZA E CONSERVAÇĂO DOMICILIAR;2576;2576;0;0;0;27;291
COMÉRCIO ATACADISTA DE PRODUTOS DE HIGIENE, LIMPEZA E CONSERVAÇĂO DOMICILIAR, COM ATIVIDADE DE FRACIONAMENTO E ACONDICIONAMENTO ASSOCIADA;219;219;0;0;0;3;31
COMÉRCIO ATACADISTA DE PRODUTOS ODONTOLÓGICOS;1149;1149;0;0;0;7;133
COMÉRCIO ATACADISTA DE PRODUTOS SIDERÚRGICOS E METALÚRGICOS, EXCETO PARA CONSTRUÇĂO;725;725;0;0;0;6;57
COMÉRCIO ATACADISTA DE PRÓTESES E ARTIGOS DE ORTOPEDIA;150;150;0;0;0;4;21
COMÉRCIO ATACADISTA DE PĂES, BOLOS, BISCOITOS E SIMILARES;561;561;0;0;0;3;86
COMÉRCIO ATACADISTA DE RESINAS E ELASTÔMEROS;235;235;0;0;0;1;19
COMÉRCIO ATACADISTA DE RESÍDUOS DE PAPEL E PAPELĂO;1751;1751;0;0;0;19;210
COMÉRCIO ATACADISTA DE RESÍDUOS E SUCATAS METÁLICOS;4094;4094;0;0;0;34;431
COMÉRCIO ATACADISTA DE RESÍDUOS E SUCATAS NĂO METÁLICOS, EXCETO DE PAPEL E PAPELĂO;1515;1515;0;0;0;9;150
COMÉRCIO ATACADISTA DE ROUPAS E ACESSÓRIOS PARA USO PROFISSIONAL E DE SEGURANÇA DO TRABALHO;2073;2073;0;0;0;10;144
COMÉRCIO ATACADISTA DE SEMENTES, FLORES, PLANTAS E GRAMAS;1351;1351;0;0;0;9;142
COMÉRCIO ATACADISTA DE SISAL;18;18;0;0;0;0;0
COMÉRCIO ATACADISTA DE SOJA;149;149;0;0;0;0;13
COMÉRCIO ATACADISTA DE SOLVENTES;9;9;0;0;0;0;1
COMÉRCIO ATACADISTA DE SORVETES;1220;1220;0;0;0;9;72
COMÉRCIO ATACADISTA DE SUPRIMENTOS PARA INFORMÁTICA;385;385;0;0;0;4;39
COMÉRCIO ATACADISTA DE TECIDOS;1302;1302;0;0;0;21;129
COMÉRCIO ATACADISTA DE TINTAS, VERNIZES E SIMILARES;507;507;0;0;0;3;43
COMÉRCIO ATACADISTA DE VIDROS, ESPELHOS, VITRAIS E MOLDURAS;398;398;0;0;0;5;44
COMÉRCIO ATACADISTA DE ÁGUA MINERAL;930;930;0;0;0;5;123
COMÉRCIO ATACADISTA DE ÓLEOS E GORDURAS;169;169;0;0;0;0;16
COMÉRCIO ATACADISTA ESPECIALIZADO DE MATERIAIS DE CONSTRUÇĂO NĂO ESPECIFICADOS ANTERIORMENTE;1183;1183;0;0;0;10;123
COMÉRCIO ATACADISTA ESPECIALIZADO EM OUTROS PRODUTOS ALIMENTÍCIOS NĂO ESPECIFICADOS ANTERIORMENTE;3058;3058;0;0;0;21;309
COMÉRCIO E SERVIÇOS;2774;2774;0;0;0;30;404
COMÉRCIO POR ATACADO DE AUTOMÓVEIS, CAMIONETAS E UTILITÁRIOS NOVOS E USADOS;190;190;0;0;0;2;24
COMÉRCIO POR ATACADO DE CAMINHŐES NOVOS E USADOS;94;94;0;0;0;0;7
COMÉRCIO POR ATACADO DE MOTOCICLETAS E MOTONETAS;96;96;0;0;0;7;12
COMÉRCIO POR ATACADO DE PEÇAS E ACESSÓRIOS NOVOS PARA VEÍCULOS AUTOMOTORES;5939;5939;0;0;0;73;551
COMÉRCIO POR ATACADO DE PEÇAS E ACESSÓRIOS PARA MOTOCICLETAS E MOTONETAS;645;645;0;0;0;4;73
COMÉRCIO POR ATACADO DE PNEUMÁTICOS E CÂMARAS-DE-AR;459;459;0;0;0;3;74
COMÉRCIO POR ATACADO DE REBOQUES E SEMIREBOQUES NOVOS E USADOS;99;99;0;0;0;0;6
COMÉRCIO POR ATACADO DE ÔNIBUS E MICRO-ÔNIBUS NOVOS E USADOS;15;15;0;0;0;0;2
COMÉRCIO SOB CONSIGNAÇĂO DE MOTOCICLETAS E MOTONETAS;157;157;0;0;0;0;15
COMÉRCIO SOB CONSIGNAÇĂO DE VEÍCULOS AUTOMOTORES;2489;2489;0;0;0;6;290
COMÉRCIO VAREJISTA DE ANIMAIS VIVOS E DE ARTIGOS E ALIMENTOS PARA ANIMAIS DE ESTIMAÇĂO;104581;104581;0;0;0;721;9499
COMÉRCIO VAREJISTA DE ARMAS E MUNIÇŐES;1127;1127;0;0;0;8;99
COMÉRCIO VAREJISTA DE ARTIGOS DE CAÇA, PESCA E CAMPING;11080;11080;0;0;0;75;1110
COMÉRCIO VAREJISTA DE ARTIGOS DE COLCHOARIA;23349;23349;0;0;0;291;2696
COMÉRCIO VAREJISTA DE ARTIGOS DE ILUMINAÇĂO;6497;6497;0;0;0;64;431
COMÉRCIO VAREJISTA DE ARTIGOS DE JOALHERIA;44786;44786;0;0;0;468;3593
COMÉRCIO VAREJISTA DE ARTIGOS DE PAPELARIA;42066;42066;0;0;0;459;4923
COMÉRCIO VAREJISTA DE ARTIGOS DE RELOJOARIA;8072;8072;0;0;0;90;1100
COMÉRCIO VAREJISTA DE ARTIGOS DE TAPEÇARIA, CORTINAS E PERSIANAS;14703;14703;0;0;0;100;1626
COMÉRCIO VAREJISTA DE ARTIGOS DE VIAGEM;7283;7283;0;0;0;89;1048
COMÉRCIO VAREJISTA DE ARTIGOS DE ÓPTICA;51123;51123;0;0;0;440;4852
COMÉRCIO VAREJISTA DE ARTIGOS DO VESTUÁRIO E ACESSÓRIOS;1003606;1003606;0;0;0;8521;127794
COMÉRCIO VAREJISTA DE ARTIGOS ESPORTIVOS;28759;28759;0;0;0;254;2005
COMÉRCIO VAREJISTA DE ARTIGOS FOTOGRÁFICOS E PARA FILMAGEM;9537;9537;0;0;0;125;739
COMÉRCIO VAREJISTA DE ARTIGOS MÉDICOS E ORTOPÉDICOS;17278;17278;0;0;0;140;1262
COMÉRCIO VAREJISTA DE BEBIDAS;286318;286318;0;0;0;2421;31206
COMÉRCIO VAREJISTA DE BICICLETAS E TRICICLOS;598;598;0;0;0;0;598
"COMÉRCIO VAREJISTA DE BICICLETAS E TRICICLOS; PEÇAS E ACESSÓRIOS";21228;21228;0;0;0;178;3312
COMÉRCIO VAREJISTA DE BRINQUEDOS E ARTIGOS RECREATIVOS;30142;30142;0;0;0;335;3524
COMÉRCIO VAREJISTA DE CAL, AREIA, PEDRA BRITADA, TIJOLOS E TELHAS;10223;10223;0;0;0;52;1339
COMÉRCIO VAREJISTA DE CALÇADOS;75689;75689;0;0;0;590;9878
COMÉRCIO VAREJISTA DE CARNES - AÇOUGUES;58326;58326;0;0;0;426;8743
COMÉRCIO VAREJISTA DE COMBUSTÍVEIS PARA VEÍCULOS AUTOMOTORES;1567;1567;0;0;0;17;256
COMÉRCIO VAREJISTA DE COSMÉTICOS, PRODUTOS DE PERFUMARIA E DE HIGIENE PESSOAL;203175;203175;0;0;0;1651;21114
COMÉRCIO VAREJISTA DE DISCOS, CDS, DVDS E FITAS;3918;3918;0;0;0;40;858
COMÉRCIO VAREJISTA DE DOCES, BALAS, BOMBONS E SEMELHANTES;29115;29115;0;0;0;266;4531
COMÉRCIO VAREJISTA DE EMBARCAÇŐES E OUTROS VEÍCULOS RECREATIVOS;25;25;0;0;0;0;25
"COMÉRCIO VAREJISTA DE EMBARCAÇŐES E OUTROS VEÍCULOS RECREATIVOS; PEÇAS E ACESSÓRIOS";958;958;0;0;0;5;134
COMÉRCIO VAREJISTA DE EQUIPAMENTOS PARA ESCRITÓRIO;8005;8005;0;0;0;126;550
COMÉRCIO VAREJISTA DE FERRAGENS E FERRAMENTAS;49658;49658;0;0;0;433;5427
COMÉRCIO VAREJISTA DE FOGOS DE ARTIFÍCIO E ARTIGOS PIROTÉCNICOS;535;535;0;0;0;3;119
COMÉRCIO VAREJISTA DE GÁS LIQÜEFEITO DE PETRÓLEO (GLP);28880;28880;0;0;0;216;5365
COMÉRCIO VAREJISTA DE HORTIFRUTIGRANJEIROS;109994;109994;0;0;0;692;15735
COMÉRCIO VAREJISTA DE JORNAIS E REVISTAS;6093;6093;0;0;0;62;1110
COMÉRCIO VAREJISTA DE LATICÍNIOS E FRIOS;30760;30760;0;0;0;331;3848
COMÉRCIO VAREJISTA DE LIVROS;13222;13222;0;0;0;137;1429
COMÉRCIO VAREJISTA DE LUBRIFICANTES;6794;6794;0;0;0;47;699
COMÉRCIO VAREJISTA DE MADEIRA E ARTEFATOS;19916;19916;0;0;0;153;2481
COMÉRCIO VAREJISTA DE MATERIAIS DE CONSTRUÇĂO EM GERAL;144952;144952;0;0;0;1205;17192
COMÉRCIO VAREJISTA DE MATERIAIS DE CONSTRUÇĂO NĂO ESPECIFICADOS ANTERIORMENTE;17256;17256;0;0;0;306;2494
COMÉRCIO VAREJISTA DE MATERIAIS HIDRÁULICOS;7529;7529;0;0;0;50;668
COMÉRCIO VAREJISTA DE MATERIAL ELÉTRICO;32830;32830;0;0;0;260;2700
COMÉRCIO VAREJISTA DE MEDICAMENTOS VETERINÁRIOS;9900;9900;0;0;0;86;1696
COMÉRCIO VAREJISTA DE MERCADORIAS EM GERAL, COM PREDOMINÂNCIA DE PRODUTOS ALIMENTÍCIOS - HIPERMERCADOS;736;736;0;0;0;15;141
COMÉRCIO VAREJISTA DE MERCADORIAS EM GERAL, COM PREDOMINÂNCIA DE PRODUTOS ALIMENTÍCIOS - SUPERMERCADOS;13320;13320;0;0;0;166;1956
COMÉRCIO VAREJISTA DE OUTROS ARTIGOS DE USO PESSOAL E DOMÉSTICO NĂO ESPECIFICADOS ANTERIORMENTE;43975;43975;0;0;0;419;4092
COMÉRCIO VAREJISTA DE OUTROS ARTIGOS USADOS;21355;21355;0;0;0;218;2673
COMÉRCIO VAREJISTA DE OUTROS PRODUTOS NĂO ESPECIFICADOS ANTERIORMENTE;132400;132400;0;0;0;1417;12403
COMÉRCIO VAREJISTA DE PEDRAS PARA REVESTIMENTO;2727;2727;0;0;0;16;244
COMÉRCIO VAREJISTA DE PLANTAS E FLORES NATURAIS;30886;30886;0;0;0;281;3326
COMÉRCIO VAREJISTA DE PRODUTOS ALIMENTÍCIOS EM GERAL OU ESPECIALIZADO EM PRODUTOS ALIMENTÍCIOS;163200;163200;0;0;0;1368;16360
COMÉRCIO VAREJISTA DE PRODUTOS FARMACĘUTICOS HOMEOPÁTICOS;837;837;0;0;0;9;177
COMÉRCIO VAREJISTA DE PRODUTOS FARMACĘUTICOS, COM MANIPULAÇĂO DE FÓRMULAS;4233;4233;0;0;0;71;604
COMÉRCIO VAREJISTA DE PRODUTOS FARMACĘUTICOS, SEM MANIPULAÇĂO DE FÓRMULAS;52655;52655;0;0;0;560;7504
COMÉRCIO VAREJISTA DE PRODUTOS SANEANTES DOMISSANITÁRIOS;44353;44353;0;0;0;363;4636
COMÉRCIO VAREJISTA DE SUVENIRES, BIJUTERIAS E ARTESANATOS;76132;76132;0;0;0;657;8549
COMÉRCIO VAREJISTA DE TECIDOS;11874;11874;0;0;0;167;1616
COMÉRCIO VAREJISTA DE TINTAS E MATERIAIS PARA PINTURA;12521;12521;0;0;0;102;1351
COMÉRCIO VAREJISTA ESPECIALIZADO DE ELETRODOMÉSTICOS E EQUIPAMENTOS DE ÁUDIO E VÍDEO;52116;52116;0;0;0;622;4861
COMÉRCIO VAREJISTA ESPECIALIZADO DE EQUIPAMENTOS DE TELEFONIA E COMUNICAÇĂO;82227;82226;1;0;0;767;5799
COMÉRCIO VAREJISTA ESPECIALIZADO DE EQUIPAMENTOS E SUPRIMENTOS DE INFORMÁTICA;100084;100084;0;0;0;1000;7613
COMÉRCIO VAREJISTA ESPECIALIZADO DE INSTRUMENTOS MUSICAIS E ACESSÓRIOS;5964;5964;0;0;0;58;531
COMÉRCIO VAREJISTA ESPECIALIZADO DE PEÇAS E ACESSÓRIOS PARA APARELHOS ELETROELETRÔNICOS PARA USO DOMÉSTICO, EXCETO INFORMÁTICA E COMUNICAÇĂO;37850;37850;0;0;0;468;3093
Comércio atacadista de gás liqüefeito de petróleo (GLP);149;149;0;0;0;1;37
"Comércio atacadista de Máquinas e equipamentos para uso industrial; partes e peças";4745;4745;0;0;0;42;414
Comércio varejista de antigüidades;1691;1691;0;0;0;18;192
CONCESSIONÁRIAS DE RODOVIAS, PONTES, TÚNEIS E SERVIÇOS RELACIONADOS;8;8;0;0;0;0;1
CONDICIONAMENTO FÍSICO;52958;52958;0;0;0;260;5310
CONDOMÍNIOS PREDIAIS;1;1;0;0;0;0;0
CONDOMÍNIOS RESIDENCIAIS PARA IDOSOS E DEFICIENTES FÍSICOS;163;163;0;0;0;0;31
CONFECÇĂO DE PEÇAS DE VESTUÁRIO, EXCETO ROUPAS ÍNTIMAS E AS CONFECCIONADAS SOB MEDIDA;139430;139430;0;0;0;1318;22143
CONFECÇĂO DE ROUPAS PROFISSIONAIS, EXCETO SOB MEDIDA;2167;2167;0;0;0;18;296
CONFECÇĂO DE ROUPAS ÍNTIMAS;9921;9921;0;0;0;71;1610
CONFECÇĂO, SOB MEDIDA, DE PEÇAS DO VESTUÁRIO, EXCETO ROUPAS ÍNTIMAS;91886;91886;0;0;0;826;15777
CONFECÇĂO, SOB MEDIDA, DE ROUPAS PROFISSIONAIS;817;817;0;0;0;5;148
CONSERVAÇĂO DE FLORESTAS NATIVAS;117;117;0;0;0;0;24
CONSTRUTORAS;1;0;1;0;0;0;0
CONSTRUÇĂO DE BARRAGENS E REPRESAS PARA GERAÇĂO DE ENERGIA ELÉTRICA;27;27;0;0;0;0;4
CONSTRUÇĂO DE EDIFÍCIOS;70434;70434;0;0;0;465;7955
CONSTRUÇĂO DE EMBARCAÇŐES DE GRANDE PORTE;49;49;0;0;0;2;5
CONSTRUÇĂO DE EMBARCAÇŐES PARA ESPORTE E LAZER;217;217;0;0;0;2;38
CONSTRUÇĂO DE EMBARCAÇŐES PARA USO COMERCIAL E PARA USOS ESPECIAIS, EXCETO DE GRANDE PORTE;182;182;0;0;0;2;22
CONSTRUÇĂO DE ESTAÇŐES E REDES DE DISTRIBUIÇĂO DE ENERGIA ELÉTRICA;705;705;0;0;0;4;74
CONSTRUÇĂO DE ESTAÇŐES E REDES DE TELECOMUNICAÇŐES;691;691;0;0;0;6;54
CONSTRUÇĂO DE INSTALAÇŐES ESPORTIVAS E RECREATIVAS;257;257;0;0;0;1;28
CONSTRUÇĂO DE OBRAS DE ARTE ESPECIAIS;310;310;0;0;0;0;39
CONSTRUÇĂO DE REDES DE ABASTECIMENTO DE ÁGUA, COLETA DE ESGOTO E CONSTRUÇŐES CORRELATAS, EXCETO OBRAS DE IRRIGAÇĂO;746;746;0;0;0;2;81
CONSTRUÇĂO DE REDES DE TRANSPORTES POR DUTOS, EXCETO PARA ÁGUA E ESGOTO;37;37;0;0;0;4;3
CONSTRUÇĂO DE RODOVIAS E FERROVIAS;922;922;0;0;0;7;103
CONSULTORES DE EMPRESAS;1;1;0;0;0;1;0
CONSULTORIA E AUDITORIA CONTÁBIL E TRIBUTÁRIA;2630;2630;0;0;0;29;116
CONSULTORIA EM GESTĂO EMPRESARIAL;59611;59611;0;0;0;670;3539
CONSULTORIA EM PUBLICIDADE;5697;5697;0;0;0;68;222
CONSULTORIA EM TECNOLOGIA DA INFORMAÇĂO;27129;27129;0;0;0;323;898
CONSÓRCIOS;362;362;0;0;0;4;32
CONTADOR;74053;74053;0;0;0;655;4125
COORDENAÇĂO E CONTROLE DA OPERAÇĂO DA GERAÇĂO E TRANSMISSĂO DE ENERGIA ELÉTRICA;1;1;0;0;0;0;0
CORREIO NACIONAL;1;1;0;0;0;0;0
CORRESPONDENTES DE INSTITUIÇŐES FINANCEIRAS;6471;6471;0;0;0;71;415
CORRETAGEM NA COMPRA E VENDA E AVALIAÇĂO DE IMÓVEIS;55192;55192;0;0;0;383;3266
CORRETAGEM NO ALUGUEL DE IMÓVEIS;7848;7848;0;0;0;62;768
CORRETORAS DE CONTRATOS DE MERCADORIAS;1;1;0;0;0;0;1
CORRETORAS DE TÍTULOS E VALORES MOBILIÁRIOS;1;1;0;0;0;0;0
CORRETORES E AGENTES DE SEGUROS, DE PLANOS DE PREVIDĘNCIA COMPLEMENTAR E DE SAÚDE;41665;41665;0;0;0;314;4171
CRIAÇĂO DE ANIMAIS DE ESTIMAÇĂO;5643;5643;0;0;0;47;278
CRIAÇĂO DE ASININOS E MUARES;5;5;0;0;0;0;1
CRIAÇĂO DE AVES;127;127;0;0;0;3;13
CRIAÇĂO DE BICHO-DA-SEDA;1;1;0;0;0;0;0
CRIAÇĂO DE BOVINOS PARA CORTE;2227;2227;0;0;0;14;258
CRIAÇĂO DE BOVINOS PARA LEITE;342;342;0;0;0;3;44
CRIAÇĂO DE BOVINOS, EXCETO PARA CORTE E LEITE;122;122;0;0;0;4;8
CRIAÇĂO DE BUFALINOS;13;13;0;0;0;1;3
CRIAÇĂO DE CAMARŐES EM ÁGUA DOCE;63;63;0;0;0;1;9
CRIAÇĂO DE CAMARŐES EM ÁGUA SALGADA E SALOBRA;255;255;0;0;0;5;37
CRIAÇĂO DE CAPRINOS;30;30;0;0;0;0;2
CRIAÇĂO DE ESCARGÔ;1;1;0;0;0;0;0
CRIAÇĂO DE ESTANDES PARA FEIRAS E EXPOSIÇŐES;209;209;0;0;0;1;13
CRIAÇĂO DE FRANGOS PARA CORTE;306;306;0;0;0;6;54
CRIAÇĂO DE JACARÉ;2;2;0;0;0;0;0
CRIAÇĂO DE OSTRAS E MEXILHŐES EM ÁGUA DOCE;1;1;0;0;0;0;1
CRIAÇĂO DE OSTRAS E MEXILHŐES EM ÁGUA SALGADA E SALOBRA;9;9;0;0;0;0;3
CRIAÇĂO DE OUTROS ANIMAIS NĂO ESPECIFICADOS ANTERIORMENTE;136;136;0;0;0;4;12
CRIAÇĂO DE OUTROS GALINÁCEOS, EXCETO PARA CORTE;36;36;0;0;0;0;2
CRIAÇĂO DE OVINOS, INCLUSIVE PARA PRODUÇĂO DE LĂ;44;44;0;0;0;0;4
CRIAÇĂO DE PEIXES EM ÁGUA DOCE;597;597;0;0;0;3;81
CRIAÇĂO DE PEIXES EM ÁGUA SALGADA E SALOBRA;49;49;0;0;0;0;7
CRIAÇĂO DE PEIXES ORNAMENTAIS EM ÁGUA DOCE;1834;1834;0;0;0;11;128
CRIAÇĂO DE PEIXES ORNAMENTAIS EM ÁGUA SALGADA E SALOBRA;598;598;0;0;0;0;11
CRIAÇĂO DE SUÍNOS;141;141;0;0;0;3;20
Criaçăo de eqüinos;355;355;0;0;0;5;18
CULTIVO DE ABACAXI;15;15;0;0;0;0;0
CULTIVO DE ACÁCIA-NEGRA;1;1;0;0;0;0;0
CULTIVO DE ALGODĂO HERBÁCEO;4;4;0;0;0;0;0
CULTIVO DE ALHO;10;10;0;0;0;0;1
CULTIVO DE AMENDOIM;8;8;0;0;0;0;0
CULTIVO DE ARROZ;73;73;0;0;0;3;14
CULTIVO DE BANANA;131;131;0;0;0;0;11
CULTIVO DE CAFÉ;249;249;0;0;0;1;16
CULTIVO DE COCO-DA-BAÍA;62;62;0;0;0;1;3
CULTIVO DE ESPÉCIES MADEIREIRAS, EXCETO EUCALIPTO, ACÁCIA-NEGRA, PINUS E TECA;25;25;0;0;0;1;6
CULTIVO DE FLORES E PLANTAS ORNAMENTAIS;439;439;0;0;0;3;83
CULTIVO DE FRUTAS DE LAVOURA PERMANENTE NĂO ESPECIFICADAS ANTERIORMENTE;139;139;0;0;0;0;12
CULTIVO DE FUMO;7;7;0;0;0;1;1
CULTIVO DE JUTA;1;1;0;0;0;0;0
CULTIVO DE LARANJA;56;56;0;0;0;0;4
CULTIVO DE MAMONA;1;1;0;0;0;0;0
CULTIVO DE MAMĂO;36;36;0;0;0;0;2
CULTIVO DE MANDIOCA;71;71;0;0;0;0;11
CULTIVO DE MANGA;98;98;0;0;0;1;2
CULTIVO DE MARACUJÁ;22;22;0;0;0;0;1
CULTIVO DE MAÇĂ;7;7;0;0;0;0;1
CULTIVO DE MELANCIA;18;18;0;0;0;0;1
CULTIVO DE MELĂO;18;18;0;0;0;0;0
CULTIVO DE MILHO;201;201;0;0;0;2;16
CULTIVO DE MORANGO;44;44;0;0;0;0;5
CULTIVO DE MUDAS EM VIVEIROS FLORESTAIS;217;217;0;0;0;3;36
CULTIVO DE OUTRAS FIBRAS DE LAVOURA TEMPORÁRIA;5;5;0;0;0;0;0
CULTIVO DE OUTRAS OLEAGINOSAS DE LAVOURA TEMPORÁRIA;12;12;0;0;0;0;4
CULTIVO DE OUTRAS PLANTAS DE LAVOURA PERMANENTE NĂO ESPECIFICADAS ANTERIORMENTE;88;88;0;0;0;2;13
CULTIVO DE OUTRAS PLANTAS DE LAVOURA TEMPORÁRIA;152;152;0;0;0;1;15
CULTIVO DE OUTROS CEREAIS;67;67;0;0;0;2;10
CULTIVO DE PIMENTA-DO-REINO;11;11;0;0;0;0;1
CULTIVO DE PINUS;107;107;0;0;0;3;24
CULTIVO DE PLANTAS PARA CONDIMENTO, EXCETO PIMENTA-DO-REINO;9;9;0;0;0;2;1
CULTIVO DE PĘSSEGO;1;1;0;0;0;0;0
CULTIVO DE SERINGUEIRA;114;114;0;0;0;2;7
CULTIVO DE SOJA;676;676;0;0;0;5;62
CULTIVO DE TECA;4;4;0;0;0;0;1
CULTIVO DE TOMATE RASTEIRO;25;25;0;0;0;1;1
CULTIVO DE TRIGO;3;3;0;0;0;0;1
CULTIVO DE UVA;117;117;0;0;0;0;18
Cultivos e semicultivos da aqüicultura em água doce năo especificados anteriormente;13;13;0;0;0;0;2
Cultivos e semicultivos da aqüicultura em água salgada e salobra năo especificados anteriormente;16;16;0;0;0;0;1
CUNHAGEM DE MOEDAS E MEDALHAS;51;51;0;0;0;1;6
CURSOS DE PILOTAGEM;479;479;0;0;0;3;48
CURSOS PREPARATÓRIOS PARA CONCURSOS;26228;26228;0;0;0;276;986
CURTIMENTO E OUTRAS PREPARAÇŐES DE COURO;342;342;0;0;0;0;55
CÂMARA DE VEREADORES - CÂMARA DISTRITAL;3;0;0;0;3;1;1
CÍTRICOS;36;36;0;0;0;0;3
DECORAÇĂO, LAPIDAÇĂO, GRAVAÇĂO, VITRIFICAÇĂO E OUTROS TRABALHOS EM CERÂMICA, LOUÇA, VIDRO E CRISTAL;3204;3204;0;0;0;29;312
DEFESA CIVIL;1;1;0;0;0;0;1
DEMOLIÇĂO DE EDIFÍCIOS E OUTRAS ESTRUTURAS;377;377;0;0;0;7;32
DENDĘ;18;18;0;0;0;0;0
DEPÓSITOS DE MERCADORIAS PARA TERCEIROS;1635;1635;0;0;0;17;185
DESCONTAMINAÇĂO E OUTROS SERVIÇOS DE GESTĂO DE RESÍDUOS;86;86;0;0;0;0;10
DESENVOLVIMENTO DE PROGRAMAS DE COMPUTADOR SOB ENCOMENDA;29153;29153;0;0;0;304;1433
DESENVOLVIMENTO E LICENCIAMENTO DE PROGRAMAS DE COMPUTADOR CUSTOMIZÁVEIS;14904;14904;0;0;0;134;537
DESENVOLVIMENTO E LICENCIAMENTO DE PROGRAMAS DE COMPUTADOR NĂO CUSTOMIZÁVEIS;5537;5537;0;0;0;75;361
DESIGN DE INTERIORES;5051;5051;0;0;0;82;377
DESIGN DE PRODUTO;1198;1198;0;0;0;9;84
DESPACHANTES ADUANEIROS;877;877;0;0;0;7;122
DISCOTECAS, DANCETERIAS, SALŐES DE DANÇA E SIMILARES;1657;1657;0;0;0;17;443
DISTRIBUIÇĂO CINEMATOGRÁFICA, DE VÍDEO E DE PROGRAMAS DE TELEVISĂO;222;222;0;0;0;5;44
DISTRIBUIÇĂO DE COMBUSTÍVEIS GASOSOS POR REDES URBANAS;6;6;0;0;0;0;2
DISTRIBUIÇĂO DE ENERGIA ELÉTRICA;1;1;0;0;0;0;0
DISTRIBUIÇĂO DE ÁGUA POR CAMINHŐES;2885;2885;0;0;0;18;289
EDIÇĂO DE CADASTROS, LISTAS E OUTROS PRODUTOS GRÁFICOS;78892;78892;0;0;0;1196;1227
EDIÇĂO DE JORNAIS;158;158;0;0;0;0;10
EDIÇĂO DE JORNAIS NĂO DIÁRIOS;12795;12795;0;0;0;149;234
EDIÇĂO DE LIVROS;22042;22042;0;0;0;293;626
EDIÇĂO DE REVISTAS;15678;15678;0;0;0;158;458
EDIÇĂO INTEGRADA Ŕ IMPRESSĂO DE JORNAIS DIÁRIOS;580;580;0;0;0;12;142
EDIÇĂO INTEGRADA Ŕ IMPRESSĂO DE JORNAIS NĂO DIÁRIOS;70;70;0;0;0;0;15
EDIÇĂO INTEGRADA Ŕ IMPRESSĂO DE LIVROS;300;300;0;0;0;3;68
EDIÇĂO INTEGRADA Ŕ IMPRESSĂO DE REVISTAS;169;169;0;0;0;2;40
EDUCAÇĂO;5313;5313;0;0;0;43;252
EDUCAÇĂO INFANTIL - CRECHE;6770;6770;0;0;0;45;1014
EDUCAÇĂO INFANTIL - PRÉ-ESCOLA;10267;10267;0;0;0;94;1657
EDUCAÇĂO PROFISSIONAL DE NÍVEL TECNOLÓGICO;127;127;0;0;0;3;14
EDUCAÇĂO PROFISSIONAL DE NÍVEL TÉCNICO;3313;3313;0;0;0;12;344
EDUCAÇĂO SUPERIOR - GRADUAÇĂO;748;748;0;0;0;3;59
EDUCAÇĂO SUPERIOR - GRADUAÇĂO E PÓS-GRADUAÇĂO;1587;1587;0;0;0;8;120
EDUCAÇĂO SUPERIOR - PÓS-GRADUAÇĂO E EXTENSĂO;716;716;0;0;0;4;81
EMERGĘNCIA;4;0;0;0;4;0;1
EMISSĂO DE VALES-ALIMENTAÇĂO, VALES-TRANSPORTE E SIMILARES;87;87;0;0;0;2;10
ENERGIA - EMPRESAS;1;1;0;0;0;1;0
ENFERMAGEM;6792;6792;0;0;0;39;353
ENGENHARIA E ARQUITETURA;1498;1498;0;0;0;14;141
ENSINO DE ARTE E CULTURA NĂO ESPECIFICADO ANTERIORMENTE;57347;57347;0;0;0;667;2561
ENSINO DE ARTES CĘNICAS, EXCETO DANÇA;4992;4992;0;0;0;72;175
ENSINO DE DANÇA;1609;1609;0;0;0;7;203
ENSINO DE ESPORTES;7096;7096;0;0;0;51;600
ENSINO DE IDIOMAS;26711;26711;0;0;0;324;1609
ENSINO DE MÚSICA;17371;17371;0;0;0;174;1154
ENSINO FUNDAMENTAL;6441;6441;0;0;0;95;1130
ENSINO MÉDIO;1432;1432;0;0;0;9;226
ENVASAMENTO E EMPACOTAMENTO SOB CONTRATO;4431;4431;0;0;0;31;492
ERVA MATE;21;21;0;0;0;1;5
ESCAFANDRIA E MERGULHO;1002;1002;0;0;0;14;80
ESCRITÓRIOS VIRTUAIS E PARA ALUGUEL;2;2;0;0;0;2;0
ESTACIONAMENTO DE VEÍCULOS;23602;23602;0;0;0;252;3241
ESTAMPARIA E TEXTURIZAÇĂO EM FIOS, TECIDOS, ARTEFATOS TĘXTEIS E PEÇAS DO VESTUÁRIO;11361;11361;0;0;0;141;740
ESTUDOS GEOLÓGICOS;1332;1332;0;0;0;4;76
ESTÉTICA E OUTROS SERVIÇOS DE CUIDADOS COM A BELEZA;315920;315920;0;0;0;3354;23359
ESTÚDIOS CINEMATOGRÁFICOS;1267;1267;0;0;0;13;144
EUCALIPTO;192;192;0;0;0;2;39
EVENTOS NA CIDADE;3;0;0;0;3;1;0
EXPLORAÇĂO DE APOSTAS EM CORRIDAS DE CAVALOS;23;23;0;0;0;0;8
EXPLORAÇĂO DE BOLICHES;112;112;0;0;0;0;8
EXPLORAÇĂO DE JOGOS DE AZAR E APOSTAS NĂO ESPECIFICADOS ANTERIORMENTE;215;215;0;0;0;1;13
EXPLORAÇĂO DE JOGOS DE SINUCA, BILHAR E SIMILARES;861;861;0;0;0;5;141
EXPLORAÇĂO DE JOGOS ELETRÔNICOS RECREATIVOS;3084;3084;0;0;0;28;514
EXPLORAÇĂO DE MÁQUINAS DE SERVIÇOS PESSOAIS ACIONADAS POR MOEDA;68;68;0;0;0;0;6
EXTRAÇĂO DE AMIANTO;1;1;0;0;0;0;0
EXTRAÇĂO DE ARDÓSIA E BENEFICIAMENTO ASSOCIADO;43;43;0;0;0;2;7
EXTRAÇĂO DE AREIA, CASCALHO OU PEDREGULHO E BENEFICIAMENTO ASSOCIADO;4358;4358;0;0;0;45;652
EXTRAÇĂO DE ARGILA E BENEFICIAMENTO ASSOCIADO;548;548;0;0;0;5;73
EXTRAÇĂO DE BASALTO E BENEFICIAMENTO ASSOCIADO;220;220;0;0;0;5;89
EXTRAÇĂO DE CALCÁRIO E DOLOMITA E BENEFICIAMENTO ASSOCIADO;113;113;0;0;0;3;19
EXTRAÇĂO DE CARVĂO MINERAL;4;4;0;0;0;0;2
EXTRAÇĂO DE GEMAS (PEDRAS PRECIOSAS E SEMIPRECIOSAS);198;198;0;0;0;5;13
EXTRAÇĂO DE GESSO E CAULIM;31;31;0;0;0;0;9
EXTRAÇĂO DE GRANITO E BENEFICIAMENTO ASSOCIADO;789;789;0;0;0;9;82
EXTRAÇĂO DE MADEIRA EM FLORESTAS NATIVAS;183;183;0;0;0;1;28
EXTRAÇĂO DE MADEIRA EM FLORESTAS PLANTADAS;1586;1586;0;0;0;9;325
EXTRAÇĂO DE MINERAIS PARA FABRICAÇĂO DE ADUBOS, FERTILIZANTES E OUTROS PRODUTOS QUÍMICOS;37;37;0;0;0;0;2
EXTRAÇĂO DE MINÉRIO DE ALUMÍNIO;6;6;0;0;0;0;0
EXTRAÇĂO DE MINÉRIO DE ESTANHO;7;7;0;0;0;0;1
EXTRAÇĂO DE MINÉRIO DE FERRO;37;37;0;0;0;1;2
EXTRAÇĂO DE MINÉRIO DE MANGANĘS;40;40;0;0;0;0;1
EXTRAÇĂO DE MINÉRIO DE METAIS PRECIOSOS;219;219;0;0;0;1;14
EXTRAÇĂO DE MINÉRIO DE TUNGSTĘNIO;6;6;0;0;0;0;1
EXTRAÇĂO DE MINÉRIOS DE COBRE, CHUMBO, ZINCO E OUTROS MINERAIS METÁLICOS NĂO FERROSOS;40;40;0;0;0;0;3
EXTRAÇĂO DE MINÉRIOS DE NIÓBIO E TITÂNIO;3;3;0;0;0;0;0
EXTRAÇĂO DE MÁRMORE E BENEFICIAMENTO ASSOCIADO;125;125;0;0;0;1;6
EXTRAÇĂO DE OUTROS MINERAIS NĂO METÁLICOS;216;216;0;0;0;3;25
EXTRAÇĂO DE PETRÓLEO E GÁS NATURAL;6;6;0;0;0;1;0
EXTRAÇĂO DE QUARTZO;200;200;0;0;0;0;17
EXTRAÇĂO DE SAIBRO E BENEFICIAMENTO ASSOCIADO;171;171;0;0;0;0;46
EXTRAÇĂO DE SAL MARINHO;155;155;0;0;0;60;4
EXTRAÇĂO DE SAL-GEMA;1;1;0;0;0;0;0
EXTRAÇĂO E BENEFICIAMENTO DE AREIAS BETUMINOSAS;15;15;0;0;0;0;2
EXTRAÇĂO E BENEFICIAMENTO DE XISTO;1;1;0;0;0;0;0
EXTRAÇĂO E BRITAMENTO DE PEDRAS E OUTROS MATERIAIS PARA CONSTRUÇĂO E BENEFICIAMENTO ASSOCIADO;892;892;0;0;0;12;183
FABRICAÇĂO DE ABRASIVOS;46;46;0;0;0;0;6
FABRICAÇĂO DE ABSORVENTES HIGIĘNICOS;100;100;0;0;0;2;23
FABRICAÇĂO DE ACESSÓRIOS DO VESTUÁRIO, EXCETO PARA SEGURANÇA E PROTEÇĂO;2089;2089;0;0;0;18;329
FABRICAÇĂO DE ADESIVOS E SELANTES;156;156;0;0;0;1;25
FABRICAÇĂO DE ADITIVOS DE USO INDUSTRIAL;281;281;0;0;0;1;21
FABRICAÇĂO DE ADOÇANTES NATURAIS E ARTIFICIAIS;3;3;0;0;0;0;0
FABRICAÇĂO DE ADUBOS E FERTILIZANTES ORGANO-MINERAIS;224;224;0;0;0;2;12
FABRICAÇĂO DE ADUBOS E FERTILIZANTES, EXCETO ORGANO-MINERAIS;135;135;0;0;0;1;15
FABRICAÇĂO DE AERONAVES;22;22;0;0;0;0;5
FABRICAÇĂO DE AGUARDENTE DE CANA-DE-AÇÚCAR;1046;1046;0;0;0;12;115
FABRICAÇĂO DE ALIMENTOS DIETÉTICOS E COMPLEMENTOS ALIMENTARES;156;156;0;0;0;0;8
FABRICAÇĂO DE ALIMENTOS E PRATOS PRONTOS;26048;26048;0;0;0;247;1800
FABRICAÇĂO DE ALIMENTOS PARA ANIMAIS;1210;1210;0;0;0;6;151
FABRICAÇĂO DE AMIDOS E FÉCULAS DE VEGETAIS;697;697;0;0;0;6;121
FABRICAÇĂO DE APARELHOS DE RECEPÇĂO, REPRODUÇĂO, GRAVAÇĂO E AMPLIFICAÇĂO DE ÁUDIO E VÍDEO;258;258;0;0;0;0;34
FABRICAÇĂO DE APARELHOS E EQUIPAMENTOS DE AR CONDICIONADO PARA USO INDUSTRIAL;25;25;0;0;0;1;3
FABRICAÇĂO DE APARELHOS E EQUIPAMENTOS DE AR CONDICIONADO PARA USO NĂO INDUSTRIAL;11;11;0;0;0;0;1
FABRICAÇĂO DE APARELHOS E EQUIPAMENTOS DE MEDIDA, TESTE E CONTROLE;736;736;0;0;0;4;65
FABRICAÇĂO DE APARELHOS E EQUIPAMENTOS PARA DISTRIBUIÇĂO E CONTROLE DE ENERGIA ELÉTRICA;730;730;0;0;0;4;67
FABRICAÇĂO DE APARELHOS E UTENSÍLIOS PARA CORREÇĂO DE DEFEITOS FÍSICOS E APARELHOS ORTOPÉDICOS EM GERAL SOB ENCOMENDA;152;152;0;0;0;2;11
FABRICAÇĂO DE APARELHOS E UTENSÍLIOS PARA CORREÇĂO DE DEFEITOS FÍSICOS E APARELHOS ORTOPÉDICOS EM GERAL, EXCETO SOB ENCOMENDA;32;32;0;0;0;0;2
FABRICAÇĂO DE APARELHOS ELETROMÉDICOS E ELETROTERAPĘUTICOS E EQUIPAMENTOS DE IRRADIAÇĂO;143;143;0;0;0;2;8
FABRICAÇĂO DE APARELHOS ELÉTRICOS DE USO PESSOAL, PEÇAS E ACESSÓRIOS;23;23;0;0;0;1;4
FABRICAÇĂO DE APARELHOS FOTOGRÁFICOS E CINEMATOGRÁFICOS, PEÇAS E ACESSÓRIOS;23;23;0;0;0;0;1
FABRICAÇĂO DE APARELHOS TELEFÔNICOS E DE OUTROS EQUIPAMENTOS DE COMUNICAÇĂO, PEÇAS E ACESSÓRIOS;30;30;0;0;0;0;0
FABRICAÇĂO DE ARTEFATOS DE BORRACHA NĂO ESPECIFICADOS ANTERIORMENTE;3202;3202;0;0;0;28;485
FABRICAÇĂO DE ARTEFATOS DE CERÂMICA E BARRO COZIDO PARA USO NA CONSTRUÇĂO, EXCETO AZULEJOS E PISOS;4085;4085;0;0;0;78;818
FABRICAÇĂO DE ARTEFATOS DE CIMENTO PARA USO NA CONSTRUÇĂO;4465;4465;0;0;0;47;673
FABRICAÇĂO DE ARTEFATOS DE CORDOARIA;409;409;0;0;0;3;56
FABRICAÇĂO DE ARTEFATOS DE COURO NĂO ESPECIFICADOS ANTERIORMENTE;6469;6469;0;0;0;50;925
FABRICAÇĂO DE ARTEFATOS DE FIBROCIMENTO PARA USO NA CONSTRUÇĂO;91;91;0;0;0;0;14
FABRICAÇĂO DE ARTEFATOS DE JOALHERIA E OURIVESARIA;2859;2859;0;0;0;30;322
FABRICAÇĂO DE ARTEFATOS DE MATERIAL PLÁSTICO PARA OUTROS USOS NĂO ESPECIFICADOS ANTERIORMENTE;5432;5432;0;0;0;76;536
FABRICAÇĂO DE ARTEFATOS DE MATERIAL PLÁSTICO PARA USO NA CONSTRUÇĂO, EXCETO TUBOS E ACESSÓRIOS;767;767;0;0;0;3;91
FABRICAÇĂO DE ARTEFATOS DE MATERIAL PLÁSTICO PARA USO PESSOAL E DOMÉSTICO;926;926;0;0;0;13;98
FABRICAÇĂO DE ARTEFATOS DE MATERIAL PLÁSTICO PARA USOS INDUSTRIAIS;1053;1053;0;0;0;6;111
FABRICAÇĂO DE ARTEFATOS DE TANOARIA E DE EMBALAGENS DE MADEIRA;1821;1821;0;0;0;7;234
FABRICAÇĂO DE ARTEFATOS DE TAPEÇARIA;7426;7426;0;0;0;59;1089
FABRICAÇĂO DE ARTEFATOS DIVERSOS DE CORTIÇA, BAMBU, PALHA, VIME E OUTROS MATERIAIS TRANÇADOS, EXCETO MÓVEIS;3124;3124;0;0;0;16;559
FABRICAÇĂO DE ARTEFATOS DIVERSOS DE MADEIRA, EXCETO MÓVEIS;21362;21362;0;0;0;166;2583
FABRICAÇĂO DE ARTEFATOS PARA PESCA E ESPORTE;1422;1422;0;0;0;9;131
FABRICAÇĂO DE ARTEFATOS TĘXTEIS PARA USO DOMÉSTICO;7385;7385;0;0;0;53;1053
FABRICAÇĂO DE ARTIGOS DE CUTELARIA;1064;1064;0;0;0;5;122
FABRICAÇĂO DE ARTIGOS DE METAL PARA USO DOMÉSTICO E PESSOAL;1116;1116;0;0;0;12;217
FABRICAÇĂO DE ARTIGOS DE SERRALHERIA, EXCETO ESQUADRIAS;84974;84974;0;0;0;728;11072
FABRICAÇĂO DE ARTIGOS DE VIDRO;1990;1990;0;0;0;22;274
FABRICAÇĂO DE ARTIGOS DO VESTUÁRIO, PRODUZIDOS EM MALHARIAS E TRICOTAGENS, EXCETO MEIAS;10867;10867;0;0;0;111;1263
FABRICAÇĂO DE ARTIGOS PARA VIAGEM, BOLSAS E SEMELHANTES DE QUALQUER MATERIAL;6426;6426;0;0;0;51;686
FABRICAÇĂO DE ARTIGOS PIROTÉCNICOS;83;83;0;0;0;0;8
FABRICAÇĂO DE ARTIGOS ÓPTICOS;239;239;0;0;0;3;29
FABRICAÇĂO DE AVIAMENTOS PARA COSTURA;1056;1056;0;0;0;10;83
FABRICAÇĂO DE AZULEJOS E PISOS;34;34;0;0;0;0;4
FABRICAÇĂO DE AÇÚCAR DE CANA REFINADO;4;4;0;0;0;0;1
FABRICAÇĂO DE AÇÚCAR EM BRUTO;579;579;0;0;0;2;127
FABRICAÇĂO DE BANCOS E ESTOFADOS PARA VEÍCULOS AUTOMOTORES;95;95;0;0;0;0;17
FABRICAÇĂO DE BATERIAS E ACUMULADORES PARA VEÍCULOS AUTOMOTORES;53;53;0;0;0;0;3
FABRICAÇĂO DE BEBIDAS ISOTÔNICAS;1;1;0;0;0;0;0
FABRICAÇĂO DE BICICLETAS E TRICICLOS NĂO MOTORIZADOS, PEÇAS E ACESSÓRIOS;378;378;0;0;0;4;72
FABRICAÇĂO DE BIJUTERIAS E ARTEFATOS SEMELHANTES;23944;23944;0;0;0;247;2589
FABRICAÇĂO DE BIOCOMBUSTÍVEIS, EXCETO ÁLCOOL;9;9;0;0;0;0;0
FABRICAÇĂO DE BISCOITOS E BOLACHAS;7051;7051;0;0;0;56;834
FABRICAÇĂO DE CABINES, CARROCERIAS E REBOQUES PARA CAMINHŐES;920;920;0;0;0;11;144
FABRICAÇĂO DE CABINES, CARROCERIAS E REBOQUES PARA OUTROS VEÍCULOS AUTOMOTORES, EXCETO CAMINHŐES E ÔNIBUS;596;596;0;0;0;1;73
FABRICAÇĂO DE CAL E GESSO;243;243;0;0;0;3;37
FABRICAÇĂO DE CALDEIRAS GERADORAS DE VAPOR, EXCETO PARA AQUECIMENTO CENTRAL E PARA VEÍCULOS;42;42;0;0;0;0;7
FABRICAÇĂO DE CALÇADOS DE COURO;6364;6364;0;0;0;31;1157
FABRICAÇĂO DE CALÇADOS DE MATERIAIS NĂO ESPECIFICADOS ANTERIORMENTE;6392;6392;0;0;0;50;1139
FABRICAÇĂO DE CALÇADOS DE MATERIAL SINTÉTICO;443;443;0;0;0;10;42
FABRICAÇĂO DE CAMINHŐES E ÔNIBUS;5;5;0;0;0;0;2
FABRICAÇĂO DE CANETAS, LÁPIS E OUTROS ARTIGOS PARA ESCRITÓRIO;942;942;0;0;0;6;87
FABRICAÇĂO DE CARROCERIAS PARA ÔNIBUS;4;4;0;0;0;0;0
FABRICAÇĂO DE CARTOLINA E PAPEL-CARTĂO;1;1;0;0;0;0;0
FABRICAÇĂO DE CASAS DE MADEIRA PRÉ-FABRICADAS;136;136;0;0;0;1;26
FABRICAÇĂO DE CASAS PRÉ-MOLDADAS DE CONCRETO;56;56;0;0;0;0;9
FABRICAÇĂO DE CATALISADORES;4;4;0;0;0;0;0
FABRICAÇĂO DE CELULOSE E OUTRAS PASTAS PARA A FABRICAÇĂO DE PAPEL;5;5;0;0;0;1;0
FABRICAÇĂO DE CERVEJAS E CHOPES;1556;1556;0;0;0;4;163
FABRICAÇĂO DE CHAPAS E DE EMBALAGENS DE PAPELĂO ONDULADO;471;471;0;0;0;7;46
FABRICAÇĂO DE CHAPAS, FILMES, PAPÉIS E OUTROS MATERIAIS E PRODUTOS QUÍMICOS PARA FOTOGRAFIA;2;2;0;0;0;0;0
FABRICAÇĂO DE CHASSIS COM MOTOR PARA AUTOMÓVEIS, CAMIONETAS E UTILITÁRIOS;6;6;0;0;0;0;1
FABRICAÇĂO DE CHÁ MATE E OUTROS CHÁS PRONTOS PARA CONSUMO;50;50;0;0;0;0;3
FABRICAÇĂO DE CIGARRILHAS E CHARUTOS;3;3;0;0;0;0;1
FABRICAÇĂO DE CIMENTO;5;5;0;0;0;0;1
FABRICAÇĂO DE CLORO E ÁLCALIS;5;5;0;0;0;0;1
FABRICAÇĂO DE COLCHŐES;858;858;0;0;0;7;82
FABRICAÇĂO DE COMPONENTES ELETRÔNICOS;570;570;0;0;0;5;71
FABRICAÇĂO DE COMPRESSORES PARA USO INDUSTRIAL, PEÇAS E ACESSÓRIOS;17;17;0;0;0;0;3
FABRICAÇĂO DE COMPRESSORES PARA USO NĂO INDUSTRIAL, PEÇAS E ACESSÓRIOS;5;5;0;0;0;0;0
FABRICAÇĂO DE CONSERVAS DE FRUTAS;7140;7140;0;0;0;65;686
FABRICAÇĂO DE CONSERVAS DE LEGUMES E OUTROS VEGETAIS, EXCETO PALMITO;1830;1830;0;0;0;14;205
FABRICAÇĂO DE CONSERVAS DE PALMITO;150;150;0;0;0;1;19
FABRICAÇĂO DE CONSERVAS DE PEIXES, CRUSTÁCEOS E MOLUSCOS;123;123;0;0;0;1;14
FABRICAÇĂO DE COSMÉTICOS, PRODUTOS DE PERFUMARIA E DE HIGIENE PESSOAL;2073;2073;0;0;0;17;278
FABRICAÇĂO DE CRONÔMETROS E RELÓGIOS;13;13;0;0;0;0;3
FABRICAÇĂO DE DEFENSIVOS AGRÍCOLAS;43;43;0;0;0;0;1
FABRICAÇĂO DE DESINFESTANTES DOMISSANITÁRIOS;344;344;0;0;0;0;120
FABRICAÇĂO DE ELASTÔMEROS;25;25;0;0;0;1;0
FABRICAÇĂO DE ELETRODOS, CONTATOS E OUTROS ARTIGOS DE CARVĂO E GRAFITA PARA USO ELÉTRICO, ELETROÍMĂS E ISOLADORES;25;25;0;0;0;0;1
FABRICAÇĂO DE EMBALAGENS DE CARTOLINA E PAPEL-CARTĂO;1122;1122;0;0;0;9;73
FABRICAÇĂO DE EMBALAGENS DE MATERIAL PLÁSTICO;2485;2485;0;0;0;26;294
FABRICAÇĂO DE EMBALAGENS DE PAPEL;2475;2475;0;0;0;22;200
FABRICAÇĂO DE EMBALAGENS DE VIDRO;5;5;0;0;0;0;0
FABRICAÇĂO DE EMBALAGENS METÁLICAS;34;34;0;0;0;1;3
FABRICAÇĂO DE EQUIPAMENTOS DE INFORMÁTICA;108;108;0;0;0;0;8
FABRICAÇĂO DE EQUIPAMENTOS DE TRANSMISSĂO PARA FINS INDUSTRIAIS, EXCETO ROLAMENTOS;97;97;0;0;0;0;9
FABRICAÇĂO DE EQUIPAMENTOS DE TRANSPORTE NĂO ESPECIFICADOS ANTERIORMENTE;91;91;0;0;0;1;12
FABRICAÇĂO DE EQUIPAMENTOS E ACESSÓRIOS PARA SEGURANÇA PESSOAL E PROFISSIONAL;1328;1328;0;0;0;9;127
FABRICAÇĂO DE EQUIPAMENTOS E INSTRUMENTOS ÓPTICOS, PEÇAS E ACESSÓRIOS;25;25;0;0;0;0;3
FABRICAÇĂO DE EQUIPAMENTOS HIDRÁULICOS E PNEUMÁTICOS, PEÇAS E ACESSÓRIOS, EXCETO VÁLVULAS;272;272;0;0;0;3;17
FABRICAÇĂO DE EQUIPAMENTOS PARA IRRIGAÇĂO AGRÍCOLA, PEÇAS E ACESSÓRIOS;78;78;0;0;0;0;7
FABRICAÇĂO DE EQUIPAMENTOS PARA SINALIZAÇĂO E ALARME;116;116;0;0;0;0;19
FABRICAÇĂO DE EQUIPAMENTOS TRANSMISSORES DE COMUNICAÇĂO, PEÇAS E ACESSÓRIOS;119;119;0;0;0;1;13
FABRICAÇĂO DE ESCOVAS, PINCÉIS E VASSOURAS;1823;1823;0;0;0;10;363
FABRICAÇĂO DE ESPECIARIAS, MOLHOS, TEMPEROS E CONDIMENTOS;4308;4308;0;0;0;33;531
FABRICAÇĂO DE ESQUADRIAS DE MADEIRA E DE PEÇAS DE MADEIRA PARA INSTALAÇŐES INDUSTRIAIS E COMERCIAIS;1458;1458;0;0;0;25;376
FABRICAÇĂO DE ESQUADRIAS DE METAL;23895;23895;0;0;0;161;3181
FABRICAÇĂO DE ESTRUTURAS METÁLICAS;3324;3324;0;0;0;15;504
FABRICAÇĂO DE ESTRUTURAS PRÉ-MOLDADAS DE CONCRETO ARMADO, EM SÉRIE E SOB ENCOMENDA;3557;3557;0;0;0;23;454
FABRICAÇĂO DE ESTUFAS E FORNOS ELÉTRICOS PARA FINS INDUSTRIAIS, PEÇAS E ACESSÓRIOS;49;49;0;0;0;1;3
FABRICAÇĂO DE FARINHA DE MANDIOCA E DERIVADOS;1524;1524;0;0;0;8;251
FABRICAÇĂO DE FARINHA DE MILHO E DERIVADOS, EXCETO ÓLEOS DE MILHO;660;660;0;0;0;7;143
FABRICAÇĂO DE FERMENTOS E LEVEDURAS;13;13;0;0;0;0;1
FABRICAÇĂO DE FERRAMENTAS;6805;6805;0;0;0;65;596
FABRICAÇĂO DE FIBRAS ARTIFICIAIS E SINTÉTICAS;62;62;0;0;0;1;10
FABRICAÇĂO DE FIOS, CABOS E CONDUTORES ELÉTRICOS ISOLADOS;136;136;0;0;0;1;15
FABRICAÇĂO DE FOGŐES, REFRIGERADORES E MÁQUINAS DE LAVAR E SECAR PARA USO DOMÉSTICO, PEÇAS E ACESSÓRIOS;47;47;0;0;0;0;5
FABRICAÇĂO DE FORMULÁRIOS CONTÍNUOS;19;19;0;0;0;0;3
FABRICAÇĂO DE FORNOS INDUSTRIAIS, APARELHOS E EQUIPAMENTOS NĂO ELÉTRICOS PARA INSTALAÇŐES TÉRMICAS, PEÇAS E ACESSÓRIOS;110;110;0;0;0;0;12
FABRICAÇĂO DE FRALDAS DESCARTÁVEIS;358;358;0;0;0;4;119
FABRICAÇĂO DE FRUTAS CRISTALIZADAS, BALAS E SEMELHANTES;1656;1656;0;0;0;12;223
FABRICAÇĂO DE GASES INDUSTRIAIS;47;47;0;0;0;0;1
FABRICAÇĂO DE GELO COMUM;3568;3568;0;0;0;30;362
FABRICAÇĂO DE GERADORES DE CORRENTE CONTÍNUA E ALTERNADA, PEÇAS E ACESSÓRIOS;109;109;0;0;0;0;7
FABRICAÇĂO DE GUARDA-CHUVAS E SIMILARES;117;117;0;0;0;2;14
FABRICAÇĂO DE IMPERMEABILIZANTES, SOLVENTES E PRODUTOS AFINS;72;72;0;0;0;0;13
FABRICAÇĂO DE INSTRUMENTOS MUSICAIS, PEÇAS E ACESSÓRIOS;1043;1043;0;0;0;12;77
FABRICAÇĂO DE INSTRUMENTOS NĂO ELETRÔNICOS E UTENSÍLIOS PARA USO MÉDICO, CIRÚRGICO, ODONTOLÓGICO E DE LABORATÓRIO;246;246;0;0;0;3;22
FABRICAÇĂO DE INTERMEDIÁRIOS PARA FERTILIZANTES;13;13;0;0;0;0;2
FABRICAÇĂO DE INTERMEDIÁRIOS PARA PLASTIFICANTES, RESINAS E FIBRAS;14;14;0;0;0;0;1
FABRICAÇĂO DE JOGOS ELETRÔNICOS;49;49;0;0;0;2;2
FABRICAÇĂO DE LAMINADOS PLANOS E TUBULARES DE MATERIAL PLÁSTICO;224;224;0;0;0;7;23
FABRICAÇĂO DE LATICÍNIOS;5487;5487;0;0;0;30;682
FABRICAÇĂO DE LETRAS, LETREIROS E PLACAS DE QUALQUER MATERIAL, EXCETO LUMINOSOS;11232;11232;0;0;0;66;842
FABRICAÇĂO DE LINHAS PARA COSTURAR E BORDAR;28;28;0;0;0;0;2
FABRICAÇĂO DE LUMINÁRIAS E OUTROS EQUIPAMENTOS DE ILUMINAÇĂO;1149;1149;0;0;0;4;79
FABRICAÇĂO DE LÂMPADAS;11;11;0;0;0;0;2
FABRICAÇĂO DE MADEIRA LAMINADA E DE CHAPAS DE MADEIRA COMPENSADA, PRENSADA E AGLOMERADA;419;419;0;0;0;6;96
FABRICAÇĂO DE MALTE, INCLUSIVE MALTE UÍSQUE;5;5;0;0;0;0;0
FABRICAÇĂO DE MARGARINA E OUTRAS GORDURAS VEGETAIS E DE ÓLEOS NĂO COMESTÍVEIS DE ANIMAIS;5;5;0;0;0;0;0
FABRICAÇĂO DE MASSAS ALIMENTÍCIAS;18928;18928;0;0;0;119;1865
FABRICAÇĂO DE MATERIAIS PARA MEDICINA E ODONTOLOGIA;242;242;0;0;0;0;18
FABRICAÇĂO DE MATERIAL ELÉTRICO E ELETRÔNICO PARA VEÍCULOS AUTOMOTORES, EXCETO BATERIAS;175;175;0;0;0;0;16
FABRICAÇĂO DE MATERIAL ELÉTRICO PARA INSTALAÇŐES EM CIRCUITO DE CONSUMO;149;149;0;0;0;0;13
FABRICAÇĂO DE MATERIAL SANITÁRIO DE CERÂMICA;9;9;0;0;0;0;0
FABRICAÇĂO DE MEDICAMENTOS ALOPÁTICOS PARA USO HUMANO;33;33;0;0;0;1;6
FABRICAÇĂO DE MEDICAMENTOS FITOTERÁPICOS PARA USO HUMANO;29;29;0;0;0;0;2
FABRICAÇĂO DE MEDICAMENTOS HOMEOPÁTICOS PARA USO HUMANO;11;11;0;0;0;0;2
FABRICAÇĂO DE MEDICAMENTOS PARA USO VETERINÁRIO;66;66;0;0;0;0;13
FABRICAÇĂO DE MEIAS;212;212;0;0;0;1;15
FABRICAÇĂO DE MESAS DE BILHAR, DE SINUCA E ACESSÓRIOS ASSOCIADA Ŕ LOCAÇĂO;92;92;0;0;0;1;25
FABRICAÇĂO DE MESAS DE BILHAR, DE SINUCA E ACESSÓRIOS NĂO ASSOCIADA Ŕ LOCAÇĂO;31;31;0;0;0;0;4
FABRICAÇĂO DE MOBILIÁRIO PARA USO MÉDICO, CIRÚRGICO, ODONTOLÓGICO E DE LABORATÓRIO;62;62;0;0;0;0;4
FABRICAÇĂO DE MOTOCICLETAS;4;4;0;0;0;0;1
FABRICAÇĂO DE MOTORES E TURBINAS, PEÇAS E ACESSÓRIOS, EXCETO PARA AVIŐES E VEÍCULOS RODOVIÁRIOS;31;31;0;0;0;0;4
FABRICAÇĂO DE MOTORES ELÉTRICOS, PEÇAS E ACESSÓRIOS;48;48;0;0;0;0;7
FABRICAÇĂO DE MOTORES PARA AUTOMÓVEIS, CAMIONETAS E UTILITÁRIOS;1;1;0;0;0;0;0
FABRICAÇĂO DE MÁQUINAS DE ESCREVER, CALCULAR E OUTROS EQUIPAMENTOS NĂO ELETRÔNICOS PARA ESCRITÓRIO, PEÇAS E ACESSÓRIOS;12;12;0;0;0;0;1
FABRICAÇĂO DE MÁQUINAS E APARELHOS DE REFRIGERAÇĂO E VENTILAÇĂO PARA USO INDUSTRIAL E COMERCIAL, PEÇAS E ACESSÓRIOS;644;644;0;0;0;4;92
FABRICAÇĂO DE MÁQUINAS E EQUIPAMENTOS PARA A AGRICULTURA E PECUÁRIA, PEÇAS E ACESSÓRIOS, EXCETO PARA IRRIGAÇĂO;1233;1233;0;0;0;12;184
FABRICAÇĂO DE MÁQUINAS E EQUIPAMENTOS PARA A INDÚSTRIA DO PLÁSTICO, PEÇAS E ACESSÓRIOS;141;141;0;0;0;1;15
FABRICAÇĂO DE MÁQUINAS E EQUIPAMENTOS PARA A INDÚSTRIA TĘXTIL, PEÇAS E ACESSÓRIOS;95;95;0;0;0;0;19
FABRICAÇĂO DE MÁQUINAS E EQUIPAMENTOS PARA A PROSPECÇĂO E EXTRAÇĂO DE PETRÓLEO, PEÇAS E ACESSÓRIOS;11;11;0;0;0;0;1
FABRICAÇĂO DE MÁQUINAS E EQUIPAMENTOS PARA AS INDÚSTRIAS DE ALIMENTOS, BEBIDAS E FUMO, PEÇAS E ACESSÓRIOS;515;515;0;0;0;5;56
FABRICAÇĂO DE MÁQUINAS E EQUIPAMENTOS PARA AS INDÚSTRIAS DE CELULOSE, PAPEL E PAPELĂO E ARTEFATOS, PEÇAS E ACESSÓRIOS;60;60;0;0;0;1;5
FABRICAÇĂO DE MÁQUINAS E EQUIPAMENTOS PARA AS INDÚSTRIAS DO VESTUÁRIO, DO COURO E DE CALÇADOS, PEÇAS E ACESSÓRIOS;118;118;0;0;0;4;25
FABRICAÇĂO DE MÁQUINAS E EQUIPAMENTOS PARA SANEAMENTO BÁSICO E AMBIENTAL, PEÇAS E ACESSÓRIOS;170;170;0;0;0;1;17
FABRICAÇĂO DE MÁQUINAS E EQUIPAMENTOS PARA TERRAPLENAGEM, PAVIMENTAÇĂO E CONSTRUÇĂO, PEÇAS E ACESSÓRIOS, EXCETO TRATORES;86;86;0;0;0;2;10
FABRICAÇĂO DE MÁQUINAS E EQUIPAMENTOS PARA USO INDUSTRIAL ESPECÍFICO NĂO ESPECIFICADOS ANTERIORMENTE, PEÇAS E ACESSÓRIOS;1513;1513;0;0;0;12;180
FABRICAÇĂO DE MÁQUINAS PARA A INDÚSTRIA METALÚRGICA, PEÇAS E ACESSÓRIOS, EXCETO MÁQUINAS-FERRAMENTA;389;389;0;0;0;4;74
FABRICAÇĂO DE MÁQUINAS, EQUIPAMENTOS E APARELHOS PARA TRANSPORTE E ELEVAÇĂO DE CARGAS, PEÇAS E ACESSÓRIOS;276;276;0;0;0;1;27
FABRICAÇĂO DE MÁQUINAS, EQUIPAMENTOS E APARELHOS PARA TRANSPORTE E ELEVAÇĂO DE PESSOAS, PEÇAS E ACESSÓRIOS;150;150;0;0;0;1;22
FABRICAÇĂO DE MÁQUINAS-FERRAMENTA, PEÇAS E ACESSÓRIOS;782;782;0;0;0;5;103
FABRICAÇĂO DE MÍDIAS VIRGENS, MAGNÉTICAS E ÓPTICAS;2;2;0;0;0;0;0
FABRICAÇĂO DE MÓVEIS COM PREDOMINÂNCIA DE MADEIRA;109506;109506;0;0;0;901;11935
FABRICAÇĂO DE MÓVEIS COM PREDOMINÂNCIA DE METAL;2543;2543;0;0;0;27;286
FABRICAÇĂO DE MÓVEIS DE OUTROS MATERIAIS, EXCETO MADEIRA E METAL;5149;5149;0;0;0;49;400
FABRICAÇĂO DE OBRAS DE CALDEIRARIA PESADA;429;429;0;0;0;0;36
FABRICAÇĂO DE OUTRAS AGUARDENTES E BEBIDAS DESTILADAS;398;398;0;0;0;6;40
FABRICAÇĂO DE OUTRAS BEBIDAS NĂO ALCOÓLICAS NĂO ESPECIFICADAS ANTERIORMENTE;192;192;0;0;0;0;31
FABRICAÇĂO DE OUTRAS MÁQUINAS E EQUIPAMENTOS DE USO GERAL NĂO ESPECIFICADOS ANTERIORMENTE, PEÇAS E ACESSÓRIOS;1530;1530;0;0;0;14;177
FABRICAÇĂO DE OUTRAS MÁQUINAS E EQUIPAMENTOS PARA USO NA EXTRAÇĂO MINERAL, PEÇAS E ACESSÓRIOS, EXCETO NA EXTRAÇĂO DE PETRÓLEO;93;93;0;0;0;0;8
FABRICAÇĂO DE OUTRAS PEÇAS E ACESSÓRIOS PARA VEÍCULOS AUTOMOTORES NĂO ESPECIFICADAS ANTERIORMENTE;789;789;0;0;0;7;86
FABRICAÇĂO DE OUTROS APARELHOS ELETRODOMÉSTICOS NĂO ESPECIFICADOS ANTERIORMENTE, PEÇAS E ACESSÓRIOS;225;225;0;0;0;3;34
FABRICAÇĂO DE OUTROS ARTEFATOS E PRODUTOS DE CONCRETO, CIMENTO, FIBROCIMENTO, GESSO E MATERIAIS SEMELHANTES;12439;12439;0;0;0;100;1654
FABRICAÇĂO DE OUTROS ARTIGOS DE CARPINTARIA PARA CONSTRUÇĂO;19424;19424;0;0;0;150;3050
FABRICAÇĂO DE OUTROS BRINQUEDOS E JOGOS RECREATIVOS NĂO ESPECIFICADOS ANTERIORMENTE;2723;2723;0;0;0;26;167
FABRICAÇĂO DE OUTROS EQUIPAMENTOS E APARELHOS ELÉTRICOS NĂO ESPECIFICADOS ANTERIORMENTE;602;602;0;0;0;8;58
FABRICAÇĂO DE OUTROS PRODUTOS ALIMENTÍCIOS NĂO ESPECIFICADOS ANTERIORMENTE;2517;2517;0;0;0;26;401
FABRICAÇĂO DE OUTROS PRODUTOS DE METAL NĂO ESPECIFICADOS ANTERIORMENTE;7577;7577;0;0;0;74;911
FABRICAÇĂO DE OUTROS PRODUTOS DE MINERAIS NĂO METÁLICOS NĂO ESPECIFICADOS ANTERIORMENTE;294;294;0;0;0;3;40
FABRICAÇĂO DE OUTROS PRODUTOS DERIVADOS DO PETRÓLEO, EXCETO PRODUTOS DO REFINO;45;45;0;0;0;3;3
FABRICAÇĂO DE OUTROS PRODUTOS DO FUMO, EXCETO CIGARROS, CIGARRILHAS E CHARUTOS;593;593;0;0;0;5;79
FABRICAÇĂO DE OUTROS PRODUTOS QUÍMICOS INORGÂNICOS NĂO ESPECIFICADOS ANTERIORMENTE;53;53;0;0;0;0;3
FABRICAÇĂO DE OUTROS PRODUTOS QUÍMICOS NĂO ESPECIFICADOS ANTERIORMENTE;301;301;0;0;0;9;46
FABRICAÇĂO DE OUTROS PRODUTOS TĘXTEIS NĂO ESPECIFICADOS ANTERIORMENTE;32466;32466;0;0;0;339;2192
FABRICAÇĂO DE PAINÉIS E LETREIROS LUMINOSOS;3857;3857;0;0;0;22;273
FABRICAÇĂO DE PAPEL;343;343;0;0;0;1;24
FABRICAÇĂO DE PARTES PARA CALÇADOS, DE QUALQUER MATERIAL;3163;3163;0;0;0;16;521
FABRICAÇĂO DE PERIFÉRICOS PARA EQUIPAMENTOS DE INFORMÁTICA;136;136;0;0;0;0;16
FABRICAÇĂO DE PEÇAS E ACESSÓRIOS PARA MOTOCICLETAS;134;134;0;0;0;2;13
FABRICAÇĂO DE PEÇAS E ACESSÓRIOS PARA O SISTEMA DE DIREÇĂO E SUSPENSĂO DE VEÍCULOS AUTOMOTORES;169;169;0;0;0;2;14
FABRICAÇĂO DE PEÇAS E ACESSÓRIOS PARA O SISTEMA DE FREIOS DE VEÍCULOS AUTOMOTORES;46;46;0;0;0;0;2
FABRICAÇĂO DE PEÇAS E ACESSÓRIOS PARA O SISTEMA MOTOR DE VEÍCULOS AUTOMOTORES;187;187;0;0;0;1;21
FABRICAÇĂO DE PEÇAS E ACESSÓRIOS PARA OS SISTEMAS DE MARCHA E TRANSMISSĂO DE VEÍCULOS AUTOMOTORES;73;73;0;0;0;1;8
FABRICAÇĂO DE PEÇAS E ACESSÓRIOS PARA VEÍCULOS FERROVIÁRIOS;12;12;0;0;0;0;0
FABRICAÇĂO DE PILHAS, BATERIAS E ACUMULADORES ELÉTRICOS, EXCETO PARA VEÍCULOS AUTOMOTORES;7;7;0;0;0;0;1
FABRICAÇĂO DE PNEUMÁTICOS E DE CÂMARAS-DE-AR;32;32;0;0;0;0;6
FABRICAÇĂO DE PREPARAÇŐES FARMACĘUTICAS;17;17;0;0;0;0;2
FABRICAÇĂO DE PRODUTOS CERÂMICOS NĂO REFRATÁRIOS NĂO ESPECIFICADOS ANTERIORMENTE;5815;5815;0;0;0;60;523
FABRICAÇĂO DE PRODUTOS CERÂMICOS REFRATÁRIOS;170;170;0;0;0;2;29
FABRICAÇĂO DE PRODUTOS DE CARNE;6173;6173;0;0;0;41;728
FABRICAÇĂO DE PRODUTOS DE LIMPEZA E POLIMENTO;1947;1947;0;0;0;17;427
FABRICAÇĂO DE PRODUTOS DE PADARIA E CONFEITARIA COM PREDOMINÂNCIA DE PRODUÇĂO PRÓPRIA;155541;155541;0;0;0;1929;10913
FABRICAÇĂO DE PRODUTOS DE PANIFICAÇĂO INDUSTRIAL;39750;39750;0;0;0;307;4543
FABRICAÇĂO DE PRODUTOS DE PAPEL PARA USO DOMÉSTICO E HIGIĘNICO-SANITÁRIO NĂO ESPECIFICADOS ANTERIORMENTE;411;411;0;0;0;3;31
FABRICAÇĂO DE PRODUTOS DE PAPEL, CARTOLINA, PAPEL CARTĂO E PAPELĂO ONDULADO PARA USO COMERCIAL E DE ESCRITÓRIO, EXCETO FORMULÁRIO CONTÍNUO;669;669;0;0;0;6;82
FABRICAÇĂO DE PRODUTOS DE PASTAS CELULÓSICAS, PAPEL, CARTOLINA, PAPEL-CARTĂO E PAPELĂO ONDULADO NĂO ESPECIFICADOS ANTERIORMENTE;17220;17220;0;0;0;216;663
FABRICAÇĂO DE PRODUTOS DE TREFILADOS DE METAL PADRONIZADOS;477;477;0;0;0;7;78
FABRICAÇĂO DE PRODUTOS DE TREFILADOS DE METAL, EXCETO PADRONIZADOS;661;661;0;0;0;6;94
FABRICAÇĂO DE PRODUTOS DERIVADOS DO CACAU E DE CHOCOLATES;8572;8572;0;0;0;73;652
FABRICAÇĂO DE PRODUTOS DIVERSOS NĂO ESPECIFICADOS ANTERIORMENTE;77881;77881;0;0;0;736;6980
FABRICAÇĂO DE PRODUTOS DO ARROZ;178;178;0;0;0;0;33
FABRICAÇĂO DE PRODUTOS DO REFINO DE PETRÓLEO;25;25;0;0;0;0;1
FABRICAÇĂO DE PRODUTOS FARMOQUÍMICOS;27;27;0;0;0;0;1
FABRICAÇĂO DE PRODUTOS PARA INFUSĂO (CHÁ, MATE, ETC.);796;796;0;0;0;2;100
FABRICAÇĂO DE PRODUTOS PETROQUÍMICOS BÁSICOS;2;2;0;0;0;0;0
FABRICAÇĂO DE PRODUTOS QUÍMICOS ORGÂNICOS NĂO ESPECIFICADOS ANTERIORMENTE;102;102;0;0;0;1;14
FABRICAÇĂO DE PRODUTOS Ŕ BASE DE CAFÉ;27;27;0;0;0;0;1
FABRICAÇĂO DE PÓS ALIMENTÍCIOS;47;47;0;0;0;0;10
FABRICAÇĂO DE REFRESCOS, XAROPES E PÓS PARA REFRESCOS, EXCETO REFRESCOS DE FRUTAS;367;367;0;0;0;2;30
FABRICAÇĂO DE REFRIGERANTES;44;44;0;0;0;1;9
FABRICAÇĂO DE RESINAS TERMOFIXAS;28;28;0;0;0;0;1
FABRICAÇĂO DE RESINAS TERMOPLÁSTICAS;56;56;0;0;0;0;8
FABRICAÇĂO DE ROLAMENTOS PARA FINS INDUSTRIAIS;21;21;0;0;0;1;2
FABRICAÇĂO DE ROUPAS DE PROTEÇĂO E SEGURANÇA E RESISTENTES A FOGO;40;40;0;0;0;0;9
FABRICAÇĂO DE SABŐES E DETERGENTES SINTÉTICOS;666;666;0;0;0;6;171
FABRICAÇĂO DE SORVETES E OUTROS GELADOS COMESTÍVEIS;3399;3399;0;0;0;29;523
FABRICAÇĂO DE SUCOS CONCENTRADOS DE FRUTAS, HORTALIÇAS E LEGUMES;1951;1951;0;0;0;13;156
FABRICAÇĂO DE SUCOS DE FRUTAS, HORTALIÇAS E LEGUMES, EXCETO CONCENTRADOS;2547;2547;0;0;0;14;219
FABRICAÇĂO DE TANQUES, RESERVATÓRIOS METÁLICOS E CALDEIRAS PARA AQUECIMENTO CENTRAL;266;266;0;0;0;2;36
FABRICAÇĂO DE TECIDOS DE MALHA;407;407;0;0;0;8;60
FABRICAÇĂO DE TECIDOS ESPECIAIS, INCLUSIVE ARTEFATOS;465;465;0;0;0;7;62
FABRICAÇĂO DE TINTAS DE IMPRESSĂO;26;26;0;0;0;0;6
FABRICAÇĂO DE TINTAS, VERNIZES, ESMALTES E LACAS;686;686;0;0;0;2;89
FABRICAÇĂO DE TRANSFORMADORES, INDUTORES, CONVERSORES, SINCRONIZADORES E SEMELHANTES, PEÇAS E ACESSÓRIOS;173;173;0;0;0;2;13
FABRICAÇĂO DE TRATORES AGRÍCOLAS, PEÇAS E ACESSÓRIOS;38;38;0;0;0;0;3
FABRICAÇĂO DE TRATORES, PEÇAS E ACESSÓRIOS, EXCETO AGRÍCOLAS;4;4;0;0;0;0;0
FABRICAÇĂO DE TUBOS E ACESSÓRIOS DE MATERIAL PLÁSTICO PARA USO NA CONSTRUÇĂO;194;194;0;0;0;2;22
FABRICAÇĂO DE TURBINAS, MOTORES E OUTROS COMPONENTES E PEÇAS PARA AERONAVES;5;5;0;0;0;0;2
FABRICAÇĂO DE TĘNIS DE QUALQUER MATERIAL;101;101;0;0;0;0;1
FABRICAÇĂO DE VELAS, INCLUSIVE DECORATIVAS;3692;3692;0;0;0;55;107
FABRICAÇĂO DE VIDRO PLANO E DE SEGURANÇA;230;230;0;0;0;5;26
FABRICAÇĂO DE VINAGRES;134;134;0;0;0;9;16
FABRICAÇĂO DE VINHO;460;460;0;0;0;8;101
FABRICAÇĂO DE VÁLVULAS, REGISTROS E DISPOSITIVOS SEMELHANTES, PEÇAS E ACESSÓRIOS;275;275;0;0;0;0;20
FABRICAÇĂO DE ÁGUAS ENVASADAS;781;781;0;0;0;8;128
FABRICAÇĂO DE ÁLCOOL;21;21;0;0;0;0;5
FABRICAÇĂO DE ÂNODOS PARA GALVANOPLASTIA;8;8;0;0;0;0;2
FABRICAÇĂO DE ÓLEOS VEGETAIS EM BRUTO, EXCETO ÓLEO DE MILHO;107;107;0;0;0;1;16
FABRICAÇĂO DE ÓLEOS VEGETAIS REFINADOS, EXCETO ÓLEO DE MILHO;59;59;0;0;0;0;4
FACÇĂO DE PEÇAS DO VESTUÁRIO, EXCETO ROUPAS ÍNTIMAS;40384;40384;0;0;0;283;6219
FACÇĂO DE ROUPAS PROFISSIONAIS;6413;6413;0;0;0;49;565
FACÇĂO DE ROUPAS ÍNTIMAS;3974;3974;0;0;0;25;500
FEIJĂO;16;16;0;0;0;0;2
FIAÇĂO DE FIBRAS ARTIFICIAIS E SINTÉTICAS;28;28;0;0;0;0;4
FILMAGEM DE FESTAS E EVENTOS;18456;18456;0;0;0;218;723
FILTROS;1;1;0;0;0;1;0
FILTROS DE ÁGUA;864;1;863;0;0;864;0
FORMAÇĂO DE CONDUTORES;10503;10503;0;0;0;97;1631
FORNECIMENTO DE ALIMENTOS PREPARADOS PREPONDERANTEMENTE PARA CONSUMO DOMICILIAR;371946;371946;0;0;0;3796;27592
FORNECIMENTO DE ALIMENTOS PREPARADOS PREPONDERANTEMENTE PARA EMPRESAS;36923;36923;0;0;0;382;2630
FORNECIMENTO E GESTĂO DE RECURSOS HUMANOS PARA TERCEIROS;8;8;0;0;0;0;0
FOTOCÓPIAS;12073;12073;0;0;0;100;1073
FOTOGRAFOS;84124;84124;0;0;0;946;3537
FRANQUEADAS DO CORREIO NACIONAL;2685;2685;0;0;0;35;212
FRIGORÍFICO - ABATE DE BOVINOS;345;345;0;0;0;3;52
FRIGORÍFICO - ABATE DE OVINOS E CAPRINOS;35;35;0;0;0;0;6
FRIGORÍFICO - ABATE DE SUÍNOS;85;85;0;0;0;0;9
FUNDIÇĂO DE FERRO E AÇO;249;249;0;0;0;4;59
FUNDIÇĂO DE METAIS NĂO FERROSOS E SUAS LIGAS;316;316;0;0;0;3;50
GERAÇĂO DE ENERGIA ELÉTRICA;1;1;0;0;0;0;0
GESTĂO DE ATIVOS INTANGÍVEIS NĂO FINANCEIROS;2849;2849;0;0;0;38;126
GESTĂO DE INSTALAÇŐES DE ESPORTES;3043;3043;0;0;0;28;246
GESTĂO DE REDES DE ESGOTO;118;118;0;0;0;0;9
GESTĂO DE TERMINAIS AQUAVIÁRIOS;8;8;0;0;0;0;1
GESTĂO E ADMINISTRAÇĂO DA PROPRIEDADE IMOBILIÁRIA;14933;14933;0;0;0;120;1231
GESTĂO E MANUTENÇĂO DE CEMITÉRIOS;228;228;0;0;0;2;30
GRAVADORA MUSICAL;2656;2656;0;0;0;28;323
GRÁFICAS;18884;18884;0;0;0;181;750
GRÁFICAS;1431;1431;0;0;0;30;311
GRÁFICAS;183;183;0;0;0;2;43
GRÁFICAS;694;694;0;0;0;11;116
GRÁFICAS;20703;20703;0;0;0;167;1521
GRÁFICAS;21759;21759;0;0;0;172;1503
GUARDA-MÓVEIS;2045;2045;0;0;0;15;203
HIGIENE E EMBELEZAMENTO DE ANIMAIS DOMÉSTICOS;50459;50459;0;0;0;514;3346
HOLDINGS DE INSTITUIÇŐES NĂO FINANCEIRAS;39;39;0;0;0;1;5
HORTICULTURA, EXCETO MORANGO;2833;2833;0;0;0;17;167
HOSPITAIS;4963;4963;0;0;0;30;323
HOSPITAIS PÚBLICOS;3;0;0;0;3;1;1
HOTÉIS;21168;21168;0;0;0;262;3303
IMPERMEABILIZAÇĂO EM OBRAS DE ENGENHARIA CIVIL;1302;1302;0;0;0;10;148
IMPRESSĂO DE MATERIAL DE SEGURANÇA;208;208;0;0;0;2;52
IMUNIZAÇĂO E CONTROLE DE PRAGAS URBANAS;7245;7245;0;0;0;41;1049
INCORPORAÇĂO DE EMPREENDIMENTOS IMOBILIÁRIOS;50;50;0;0;0;1;9
INFORMAÇŐES;5;0;0;0;5;1;1
INFORMÁTICA - AUDITORIA E SEGURANÇA;1;0;1;0;0;0;0
INFORMÁTICA - IMPRESSORAS;2;1;1;0;0;2;0
INFORMÁTICA - PROCESSAMENTO DE DADOS;1;1;0;0;0;1;0
INFORMÁTICA - SERVIÇOS;1;0;1;0;0;0;0
INFORMÁTICA - SOFTWARE - APLICATIVOS E SISTEMAS;1;1;0;0;0;1;0
INSTALAÇĂO DE EQUIPAMENTOS PARA ORIENTAÇĂO Ŕ NAVEGAÇĂO MARÍTIMA FLUVIAL E LACUSTRE;571;571;0;0;0;6;27
INSTALAÇĂO DE MÁQUINAS E EQUIPAMENTOS INDUSTRIAIS;41085;41085;0;0;0;355;2185
INSTALAÇĂO DE OUTROS EQUIPAMENTOS NĂO ESPECIFICADOS ANTERIORMENTE;870;870;0;0;0;3;72
INSTALAÇĂO DE PAINÉIS PUBLICITÁRIOS;9043;9043;0;0;0;81;535
INSTALAÇĂO DE PORTAS, JANELAS, TETOS, DIVISÓRIAS E ARMÁRIOS EMBUTIDOS DE QUALQUER MATERIAL;18649;18649;0;0;0;135;2612
INSTALAÇĂO E MANUTENÇĂO DE SISTEMAS CENTRAIS DE AR CONDICIONADO, DE VENTILAÇĂO E REFRIGERAÇĂO;81691;81691;0;0;0;702;5250
INSTALAÇĂO E MANUTENÇĂO ELÉTRICA;275910;275910;0;0;0;2353;21927
INSTALAÇĂO, MANUTENÇĂO E REPARAÇĂO DE ELEVADORES, ESCADAS E ESTEIRAS ROLANTES;4810;4810;0;0;0;37;487
INSTALAÇŐES DE SISTEMA DE PREVENÇĂO CONTRA INCĘNDIO;6228;6228;0;0;0;54;245
INSTALAÇŐES HIDRÁULICAS, SANITÁRIAS E DE GÁS;31937;31937;0;0;0;249;4063
INSTITUIÇŐES DE LONGA PERMANĘNCIA PARA IDOSOS;3668;3668;0;0;0;18;318
INTERMEDIAÇĂO E AGENCIAMENTO DE SERVIÇOS E NEGÓCIOS EM GERAL;28842;28842;0;0;0;410;1156
INVESTIGADOR PARTICULAR;158;158;0;0;0;0;14
JARDINS BOTÂNICOS, ZOOLÓGICOS, PARQUES NACIONAIS, RESERVAS ECOLÓGICAS E ÁREAS DE PROTEÇĂO AMBIENTAL;109;109;0;0;0;0;8
JOALHERIAS;1963;1963;0;0;0;39;169
LABORATÓRIOS CLÍNICOS;10187;10187;0;0;0;80;1422
LABORATÓRIOS DE ANATOMIA PATOLÓGICA E CITOLÓGICA;656;656;0;0;0;5;76
LABORATÓRIOS FOTOGRÁFICOS;2181;2181;0;0;0;27;150
LAMINADOS DE ALUMÍNIO;104;104;0;0;0;1;19
LAMINADOS DE ZINCO;8;8;0;0;0;0;0
LAMINADOS LONGOS DE AÇO, EXCETO TUBOS;11;11;0;0;0;0;1
LAMINADOS PLANOS DE AÇO AO CARBONO, REVESTIDOS OU NĂO;17;17;0;0;0;0;3
LAMINADOS PLANOS DE AÇOS ESPECIAIS;10;10;0;0;0;0;1
LANCHONETES, CASAS DE CHÁ, DE SUCOS E SIMILARES;416619;416619;0;0;0;3906;52768
LAPIDAÇĂO DE GEMAS;1280;1280;0;0;0;9;216
LAVANDERIAS;19546;19546;0;0;0;135;3188
LEILOEIROS INDEPENDENTES;8;8;0;0;0;0;4
LIMPEZA EM PRÉDIOS E EM DOMICÍLIOS;8371;8371;0;0;0;54;970
LOCADORA;13267;13267;0;0;0;121;1485
LOCAÇĂO DE AERONAVES SEM TRIPULAÇĂO;46;46;0;0;0;1;1
LOCAÇĂO DE EMBARCAÇŐES SEM TRIPULAÇĂO, EXCETO PARA FINS RECREATIVOS;167;167;0;0;0;2;20
LOCAÇĂO DE MĂO DE OBRA TEMPORÁRIA;23;23;0;0;0;0;8
LOCAÇĂO DE OUTROS MEIOS DE TRANSPORTE NĂO ESPECIFICADOS ANTERIORMENTE, SEM CONDUTOR;5702;5702;0;0;0;70;388
LOJAS DE CONVENIĘNCIA;8529;8529;0;0;0;70;708
LOJAS DE DEPARTAMENTOS OU MAGAZINES, EXCETO LOJAS FRANCAS (DUTY FREE);3193;3193;0;0;0;54;294
LOJAS DE VARIEDADES, EXCETO LOJAS DE DEPARTAMENTOS OU MAGAZINES;53048;53048;0;0;0;447;6861
Lojas francas (Duty free) de aeroportos, portos e em fronteiras terrestres;1;1;0;0;0;0;0
MANUTENÇĂO DE AERONAVES NA PISTA;96;96;0;0;0;1;4
MANUTENÇĂO DE ESTAÇŐES E REDES DE TELECOMUNICAÇŐES;790;790;0;0;0;6;49
MANUTENÇĂO DE REDES DE DISTRIBUIÇĂO DE ENERGIA ELÉTRICA;631;631;0;0;0;4;72
MANUTENÇĂO E REPARAÇĂO DE AERONAVES, EXCETO A MANUTENÇĂO NA PISTA;421;421;0;0;0;6;20
MANUTENÇĂO E REPARAÇĂO DE APARELHOS E INSTRUMENTOS DE MEDIDA, TESTE E CONTROLE;1915;1915;0;0;0;14;161
MANUTENÇĂO E REPARAÇĂO DE APARELHOS ELETROMÉDICOS E ELETROTERAPĘUTICOS E EQUIPAMENTOS DE IRRADIAÇĂO;1364;1364;0;0;0;10;121
MANUTENÇĂO E REPARAÇĂO DE BATERIAS E ACUMULADORES ELÉTRICOS, EXCETO PARA VEÍCULOS;390;390;0;0;0;5;32
MANUTENÇĂO E REPARAÇĂO DE COMPRESSORES;393;393;0;0;0;5;48
MANUTENÇĂO E REPARAÇĂO DE EMBARCAÇŐES E ESTRUTURAS FLUTUANTES;646;646;0;0;0;6;111
MANUTENÇĂO E REPARAÇĂO DE EMBARCAÇŐES PARA ESPORTE E LAZER;2026;2026;0;0;0;16;178
MANUTENÇĂO E REPARAÇĂO DE EQUIPAMENTOS DE TRANSMISSĂO PARA FINS INDUSTRIAIS;320;320;0;0;0;3;32
MANUTENÇĂO E REPARAÇĂO DE EQUIPAMENTOS E INSTRUMENTOS ÓPTICOS;104;104;0;0;0;0;10
MANUTENÇĂO E REPARAÇĂO DE EQUIPAMENTOS E PRODUTOS NĂO ESPECIFICADOS ANTERIORMENTE;7488;7488;0;0;0;61;610
MANUTENÇĂO E REPARAÇĂO DE EQUIPAMENTOS HIDRÁULICOS E PNEUMÁTICOS, EXCETO VÁLVULAS;8312;8312;0;0;0;72;613
MANUTENÇĂO E REPARAÇĂO DE GERADORES, TRANSFORMADORES E MOTORES ELÉTRICOS;9322;9322;0;0;0;61;897
MANUTENÇĂO E REPARAÇĂO DE MOTOCICLETAS E MOTONETAS;41851;41851;0;0;0;282;5317
MANUTENÇĂO E REPARAÇĂO DE MÁQUINAS DE ESCREVER, CALCULAR E DE OUTROS EQUIPAMENTOS NĂO ELETRÔNICOS PARA ESCRITÓRIO;636;636;0;0;0;7;105
MANUTENÇĂO E REPARAÇĂO DE MÁQUINAS E APARELHOS DE REFRIGERAÇĂO E VENTILAÇĂO PARA USO INDUSTRIAL E COMERCIAL;21614;21614;0;0;0;193;2378
MANUTENÇĂO E REPARAÇĂO DE MÁQUINAS E APARELHOS PARA A INDÚSTRIA DE CELULOSE, PAPEL E PAPELĂO E ARTEFATOS;204;204;0;0;0;1;15
MANUTENÇĂO E REPARAÇĂO DE MÁQUINAS E APARELHOS PARA A INDÚSTRIA DO PLÁSTICO;215;215;0;0;0;1;12
MANUTENÇĂO E REPARAÇĂO DE MÁQUINAS E EQUIPAMENTOS DE TERRAPLENAGEM, PAVIMENTAÇĂO E CONSTRUÇĂO, EXCETO TRATORES;505;505;0;0;0;2;43
MANUTENÇĂO E REPARAÇĂO DE MÁQUINAS E EQUIPAMENTOS PARA A INDÚSTRIA TĘXTIL, DO VESTUÁRIO, DO COURO E CALÇADOS;3526;3526;0;0;0;23;427
MANUTENÇĂO E REPARAÇĂO DE MÁQUINAS E EQUIPAMENTOS PARA A PROSPECÇĂO E EXTRAÇĂO DE PETRÓLEO;103;103;0;0;0;0;5
MANUTENÇĂO E REPARAÇĂO DE MÁQUINAS E EQUIPAMENTOS PARA AGRICULTURA E PECUÁRIA;12855;12855;0;0;0;48;1298
MANUTENÇĂO E REPARAÇĂO DE MÁQUINAS E EQUIPAMENTOS PARA AS INDÚSTRIAS DE ALIMENTOS, BEBIDAS E FUMO;4197;4197;0;0;0;34;353
MANUTENÇĂO E REPARAÇĂO DE MÁQUINAS E EQUIPAMENTOS PARA USO GERAL;8660;8660;0;0;0;74;607
MANUTENÇĂO E REPARAÇĂO DE MÁQUINAS E EQUIPAMENTOS PARA USO NA EXTRAÇĂO MINERAL, EXCETO NA EXTRAÇĂO DE PETRÓLEO;158;158;0;0;0;1;10
MANUTENÇĂO E REPARAÇĂO DE MÁQUINAS MOTRIZES NĂO ELÉTRICAS;1842;1842;0;0;0;17;174
MANUTENÇĂO E REPARAÇĂO DE MÁQUINAS PARA A INDÚSTRIA METALÚRGICA, EXCETO MÁQUINAS-FERRAMENTA;654;654;0;0;0;3;54
MANUTENÇĂO E REPARAÇĂO DE MÁQUINAS, APARELHOS E EQUIPAMENTOS PARA INSTALAÇŐES TÉRMICAS;2325;2325;0;0;0;13;193
MANUTENÇĂO E REPARAÇĂO DE MÁQUINAS, APARELHOS E MATERIAIS ELÉTRICOS;7155;7155;0;0;0;53;592
MANUTENÇĂO E REPARAÇĂO DE MÁQUINAS, EQUIPAMENTOS E APARELHOS PARA TRANSPORTE E ELEVAÇĂO DE CARGAS;1038;1038;0;0;0;4;72
MANUTENÇĂO E REPARAÇĂO DE MÁQUINAS-FERRAMENTA;1552;1552;0;0;0;8;153
MANUTENÇĂO E REPARAÇĂO DE OUTRAS MÁQUINAS E EQUIPAMENTOS PARA USOS INDUSTRIAIS NĂO ESPECIFICADOS ANTERIORMENTE;6953;6953;0;0;0;49;561
MANUTENÇĂO E REPARAÇĂO DE TANQUES, RESERVATÓRIOS METÁLICOS E CALDEIRAS, EXCETO PARA VEÍCULOS;4354;4354;0;0;0;35;318
MANUTENÇĂO E REPARAÇĂO DE TRATORES AGRÍCOLAS;3633;3633;0;0;0;26;434
MANUTENÇĂO E REPARAÇĂO DE TRATORES, EXCETO AGRÍCOLAS;180;180;0;0;0;3;17
MANUTENÇĂO E REPARAÇĂO DE VEÍCULOS FERROVIÁRIOS;55;55;0;0;0;0;4
MANUTENÇĂO E REPARAÇĂO DE VÁLVULAS INDUSTRIAIS;222;222;0;0;0;0;15
MARCAS E PATENTES;5256;0;5256;0;0;5256;0
MARKETING DE INCENTIVOS;2;1;1;0;0;2;0
MARKETING DIGITAL;678;15;663;0;0;19;0
Marketing direto;40583;40583;0;0;0;554;2744
MARKETING DIRETO;146;146;0;0;0;1;10
MATADOURO - ABATE DE RESES SOB CONTRATO - EXCETO ABATE DE SUÍNOS;171;171;0;0;0;2;40
MATADOURO - ABATE DE SUÍNOS SOB CONTRATO;13;13;0;0;0;0;1
MEDIÇĂO DE CONSUMO DE ENERGIA ELÉTRICA, GÁS E ÁGUA;240;240;0;0;0;5;24
MERCEARIAS;377126;377126;0;0;0;3372;67373
METALURGIA DE OUTROS METAIS NĂO FERROSOS E SUAS LIGAS NĂO ESPECIFICADOS ANTERIORMENTE;166;166;0;0;0;3;31
METALURGIA DO COBRE;9;9;0;0;0;0;1
METALURGIA DO PÓ;10;10;0;0;0;0;2
METALURGIA DOS METAIS PRECIOSOS;36;36;0;0;0;1;1
MINISITIO;5236;5235;1;0;0;5236;0
MOAGEM DE TRIGO E FABRICAÇĂO DE DERIVADOS;58;58;0;0;0;1;14
MOAGEM E FABRICAÇĂO DE PRODUTOS DE ORIGEM VEGETAL NĂO ESPECIFICADOS ANTERIORMENTE;660;660;0;0;0;9;127
MONITORAMENTO DE SISTEMAS DE SEGURANÇA ELETRÔNICO;7942;7942;0;0;0;38;689
MONTAGEM DE ESTRUTURAS METÁLICAS;4445;4445;0;0;0;17;411
MONTAGEM E DESMONTAGEM DE ANDAIMES E OUTRAS ESTRUTURAS TEMPORÁRIAS;757;757;0;0;0;4;62
MONTAGEM E INSTALAÇĂO DE SISTEMAS E EQUIPAMENTOS DE ILUMINAÇĂO E SINALIZAÇĂO EM VIAS PÚBLICAS, PORTOS E AEROPORTOS;2534;2534;0;0;0;30;185
MOTÉIS;2476;2476;0;0;0;56;597
MUSEUS E DE EXPLORAÇĂO DE LUGARES E PRÉDIOS HISTÓRICOS E ATRAÇŐES SIMILARES;141;141;0;0;0;2;7
MÓVEIS;67323;67323;0;0;0;630;8017
NAVEGAÇĂO DE APOIO MARÍTIMO;148;148;0;0;0;6;17
NAVEGAÇĂO DE APOIO PORTUÁRIO;117;117;0;0;0;1;13
OBJETOS DE ARTE;8203;8203;0;0;0;84;428
OBRAS DE ACABAMENTO EM GESSO E ESTUQUE;42828;42828;0;0;0;359;4922
OBRAS DE ALVENARIA;609556;609556;0;0;0;5049;108166
OBRAS DE ENGENHARIA CIVIL;2634;2634;0;0;0;17;269
OBRAS DE FUNDAÇŐES;1399;1399;0;0;0;11;144
OBRAS DE IRRIGAÇĂO;113;113;0;0;0;0;8
OBRAS DE MONTAGEM INDUSTRIAL;1803;1803;0;0;0;13;106
OBRAS DE TERRAPLENAGEM;12376;12376;0;0;0;59;1553
OBRAS DE URBANIZAÇĂO - RUAS, PRAÇAS E CALÇADAS;3410;3410;0;0;0;10;424
OBRAS PORTUÁRIAS, MARÍTIMAS E FLUVIAIS;98;98;0;0;0;2;7
ODONTOLOGIA;64768;64767;1;0;0;369;5605
ONG - ORGANIZAÇŐES NĂO-GOVERNAMENTAIS;1;0;1;0;0;1;0
OPERADOR DE TRANSPORTE MULTIMODAL - OTM;151;151;0;0;0;0;15
OPERADOR PORTUÁRIO;139;139;0;0;0;1;15
OPERADORAS DE CARTŐES DE DÉBITO;12;12;0;0;0;0;1
OPERADORAS DE TELEVISĂO POR ASSINATURA POR CABO;121;121;0;0;0;2;17
OPERADORAS DE TELEVISĂO POR ASSINATURA POR MICRO-ONDAS;1;1;0;0;0;0;0
OPERADORAS DE TELEVISĂO POR ASSINATURA POR SATÉLITE;22;22;0;0;0;0;2
OPERADORES TURÍSTICOS;12488;12488;0;0;0;99;725
OPERAÇĂO DOS AEROPORTOS E CAMPOS DE ATERRISSAGEM;41;41;0;0;0;0;2
ORGANIZAÇĂO DE EXCURSŐES EM VEÍCULOS RODOVIÁRIOS PRÓPRIOS, INTERMUNICIPAL, INTERESTADUAL E INTERNACIONAL;491;491;0;0;0;6;110
ORGANIZAÇĂO DE EXCURSŐES EM VEÍCULOS RODOVIÁRIOS PRÓPRIOS, MUNICIPAL;1439;1439;0;0;0;19;127
ORGANIZAÇĂO LOGÍSTICA DO TRANSPORTE DE CARGA;1427;1427;0;0;0;16;53
ORGANIZAÇŐES ASSOCIATIVAS LIGADAS Ŕ CULTURA E Ŕ ARTE;1;1;0;0;0;0;0
ORGANIZAÇŐES RELIGIOSAS OU FILOSÓFICAS;1;1;0;0;0;0;1
OUTRAS ATIVIDADES ASSOCIATIVAS PROFISSIONAIS;1;1;0;0;0;0;0
OUTRAS ATIVIDADES AUXILIARES DOS SERVIÇOS FINANCEIROS;4033;4033;0;0;0;87;201
OUTRAS ATIVIDADES AUXILIARES DOS TRANSPORTES TERRESTRES;236495;236495;0;0;0;3636;4975
OUTRAS ATIVIDADES DE ATENÇĂO Ŕ SAÚDE HUMANA NĂO ESPECIFICADAS ANTERIORMENTE;756;756;0;0;0;5;95
OUTRAS ATIVIDADES DE ENSINO NĂO ESPECIFICADAS ANTERIORMENTE;263461;263461;0;0;0;3356;9387
OUTRAS ATIVIDADES DE PRESTAÇĂO DE SERVIÇOS DE INFORMAÇĂO;14172;14172;0;0;0;169;693
OUTRAS ATIVIDADES DE RECREAÇĂO E LAZER;17730;17730;0;0;0;190;1420
OUTRAS ATIVIDADES DE SERVIÇOS DE SEGURANÇA;7163;7163;0;0;0;46;250
OUTRAS ATIVIDADES DE SERVIÇOS FINANCEIROS;2;2;0;0;0;0;1
OUTRAS ATIVIDADES DE SERVIÇOS PESSOAIS;33885;33885;0;0;0;365;2462
OUTRAS ATIVIDADES DE SERVIÇOS PRESTADOS PRINCIPALMENTE ŔS EMPRESAS;42944;42944;0;0;0;438;4167
OUTRAS ATIVIDADES DE TELECOMUNICAÇŐES NĂO ESPECIFICADAS ANTERIORMENTE;28525;28525;0;0;0;368;920
OUTRAS ATIVIDADES ESPORTIVAS;2221;2221;0;0;0;17;205
OUTRAS ATIVIDADES PROFISSIONAIS, CIENTÍFICAS E TÉCNICAS;9814;9814;0;0;0;58;647
OUTRAS OBRAS DE ACABAMENTO DA CONSTRUÇĂO;34713;34713;0;0;0;312;3562
OUTRAS OBRAS DE INSTALAÇŐES EM CONSTRUÇŐES;1635;1635;0;0;0;17;162
OUTRAS SOCIEDADES DE PARTICIPAÇĂO, EXCETO HOLDINGS;11;11;0;0;0;0;0
OUTROS ALOJAMENTOS NĂO ESPECIFICADOS ANTERIORMENTE;22316;22316;0;0;0;167;2007
OUTROS SERVIÇOS DE ACABAMENTO EM FIOS, TECIDOS, ARTEFATOS TĘXTEIS E PEÇAS DO VESTUÁRIO;18090;18090;0;0;0;176;2248
OUTROS SERVIÇOS DE TRANSPORTE AÉREO DE PASSAGEIROS NĂO REGULAR;60;60;0;0;0;0;3
OUTROS TRANSPORTES AQUAVIÁRIOS;2101;2101;0;0;0;14;141
OUTROS TRANSPORTES RODOVIÁRIOS DE PASSAGEIROS;308;308;0;0;0;3;37
OUVIDORIAS - SERVIÇOS PÚBLICOS;5626;1;5625;0;0;1;0
PADARIA E CONFEITARIA;75597;75597;0;0;0;747;9465
PAISAGÍSTICAS;77845;77845;0;0;0;640;11526
PARQUES DE DIVERSĂO E PARQUES TEMÁTICOS;764;764;0;0;0;5;118
PEIXARIAS;15352;15352;0;0;0;121;2482
PELOTIZAÇĂO, SINTERIZAÇĂO E OUTROS BENEFICIAMENTOS DE MINÉRIO DE FERRO;18;18;0;0;0;1;0
PENSŐES (ALOJAMENTO);6093;6093;0;0;0;104;957
PERFURAÇĂO E CONSTRUÇĂO DE POÇOS DE ÁGUA;4082;4082;0;0;0;18;470
PERFURAÇŐES E SONDAGENS;759;759;0;0;0;2;78
PERITOS E AVALIADORES DE SEGUROS;526;526;0;0;0;4;54
PESCA DE CRUSTÁCEOS E MOLUSCOS EM ÁGUA SALGADA;16;16;0;0;0;0;1
PESCA DE PEIXES EM ÁGUA DOCE;65;65;0;0;0;0;9
PESCA DE PEIXES EM ÁGUA SALGADA;77;77;0;0;0;0;11
PESQUISA E DESENVOLVIMENTO EXPERIMENTAL EM CIĘNCIAS FÍSICAS E NATURAIS;1837;1837;0;0;0;11;95
PESQUISA E DESENVOLVIMENTO EXPERIMENTAL EM CIĘNCIAS SOCIAIS E HUMANAS;604;604;0;0;0;3;37
PESQUISAS DE MERCADO E DE OPINIĂO PÚBLICA;1181;1181;0;0;0;12;94
PINTURA PARA SINALIZAÇĂO EM PISTAS RODOVIÁRIAS E AEROPORTOS;337;337;0;0;0;1;39
PLANOS DE AUXÍLIO-FUNERAL;3;3;0;0;0;0;1
Planos de saúde;251;251;0;0;0;1;18
PODOLOGIA;981;981;0;0;0;10;66
PORTAIS, PROVEDORES DE CONTEÚDO E OUTROS SERVIÇOS DE INFORMAÇĂO NA INTERNET;45;45;0;0;0;0;0
Portais, provedores de conteúdo e outros serviços de informaçăo na internet;15861;15861;0;0;0;158;979
POUSADAS;3;2;1;0;0;0;0
PREPARAÇĂO DE CANTEIRO E LIMPEZA DE TERRENO;499;499;0;0;0;4;83
PREPARAÇĂO DE DOCUMENTOS E SERVIÇOS ESPECIALIZADOS DE APOIO ADMINISTRATIVO NĂO ESPECIFICADOS ANTERIORMENTE;421943;421943;0;0;0;5788;11200
PREPARAÇĂO DE MASSA DE CONCRETO E ARGAMASSA PARA CONSTRUÇĂO;854;854;0;0;0;5;109
PREPARAÇĂO DE SUBPRODUTOS DO ABATE;160;160;0;0;0;0;24
PREPARAÇĂO DO LEITE;134;134;0;0;0;2;35
PREPARAÇĂO E FIAÇĂO DE FIBRAS DE ALGODĂO;253;253;0;0;0;2;39
PREPARAÇĂO E FIAÇĂO DE FIBRAS TĘXTEIS NATURAIS, EXCETO ALGODĂO;215;215;0;0;0;6;31
PRESERVAÇĂO DE PEIXES, CRUSTÁCEOS E MOLUSCOS;229;229;0;0;0;3;32
PROCESSAMENTO INDUSTRIAL DO FUMO;5;5;0;0;0;0;1
PRODUÇĂO CINEMATOGRÁFICA, DE VÍDEOS E DE PROGRAMAS DE TELEVISĂO;15794;15794;0;0;0;266;1472
PRODUÇĂO DE ALUMÍNIO E SUAS LIGAS EM FORMAS PRIMÁRIAS;72;72;0;0;0;2;13
PRODUÇĂO DE ARAMES DE AÇO;24;24;0;0;0;0;4
PRODUÇĂO DE ARTEFATOS ESTAMPADOS DE METAL;6791;6791;0;0;0;43;787
PRODUÇĂO DE CARVĂO VEGETAL - FLORESTAS NATIVAS;311;311;0;0;0;0;69
PRODUÇĂO DE CARVĂO VEGETAL - FLORESTAS PLANTADAS;1420;1420;0;0;0;17;148
PRODUÇĂO DE ESPETÁCULOS CIRCENSES, DE MARIONETES E SIMILARES;270;270;0;0;0;0;41
PRODUÇĂO DE ESPETÁCULOS DE DANÇA;333;333;0;0;0;2;57
PRODUÇĂO DE ESPETÁCULOS DE RODEIOS, VAQUEJADAS E SIMILARES;293;293;0;0;0;3;32
PRODUÇĂO DE FERRO-GUSA;2;2;0;0;0;0;0
PRODUÇĂO DE FERROLIGAS;4;4;0;0;0;0;0
PRODUÇĂO DE FILMES PARA PUBLICIDADE;3633;3633;0;0;0;41;300
PRODUÇĂO DE FORJADOS DE AÇO;49;49;0;0;0;1;6
PRODUÇĂO DE FORJADOS DE METAIS NĂO FERROSOS E SUAS LIGAS;43;43;0;0;0;0;4
PRODUÇĂO DE FOTOGRAFIAS AÉREAS E SUBMARINAS;3454;3454;0;0;0;64;133
"PRODUÇĂO DE GÁS; PROCESSAMENTO DE GÁS NATURAL";2;2;0;0;0;0;1
PRODUÇĂO DE MUDAS E OUTRAS FORMAS DE PROPAGAÇĂO VEGETAL, CERTIFICADAS;318;318;0;0;0;1;40
PRODUÇĂO DE OUTROS TUBOS DE FERRO E AÇO;45;45;0;0;0;0;7
PRODUÇĂO DE OVOS;363;363;0;0;0;2;33
PRODUÇĂO DE PINTOS DE UM DIA;21;21;0;0;0;0;8
PRODUÇĂO DE PRODUTOS NĂO MADEIREIROS;105;105;0;0;0;0;13
PRODUÇĂO DE SEMENTES CERTIFICADAS DE FORRAGEIRAS PARA FORMAÇĂO DE PASTO;48;48;0;0;0;0;8
PRODUÇĂO DE SEMENTES CERTIFICADAS, EXCETO DE FORRAGEIRAS PARA PASTO;53;53;0;0;0;1;10
PRODUÇĂO DE SEMIACABADOS DE AÇO;16;16;0;0;0;0;1
PRODUÇĂO DE TUBOS DE AÇO COM COSTURA;17;17;0;0;0;0;2
PRODUÇĂO DE TUBOS DE AÇO SEM COSTURA;12;12;0;0;0;0;1
PRODUÇĂO DE ZINCO EM FORMAS PRIMÁRIAS;3;3;0;0;0;0;0
PRODUÇĂO E DISTRIBUIÇĂO DE VAPOR, ÁGUA QUENTE E AR CONDICIONADO;10;10;0;0;0;0;1
PRODUÇĂO E PROMOÇĂO DE EVENTOS ESPORTIVOS;3441;3441;0;0;0;46;312
PRODUÇĂO MUSICAL;73334;73334;0;0;0;729;3276
PRODUÇĂO TEATRAL;13348;13348;0;0;0;176;524
PROFISSIONAIS DA NUTRIÇĂO;9156;9156;0;0;0;105;360
PROFISSIONAIS DA ÁREA DE SAÚDE;5913;5913;0;0;0;61;390
PROGRAMADORES(AS);69;69;0;0;0;0;9
Promoçăo de vendas;655028;655028;0;0;0;10633;24935
PROVEDORES DE ACESSO ŔS REDES DE COMUNICAÇŐES;4917;4917;0;0;0;23;445
Provedores de voz sobre protocolo internet - VOIP;106;106;0;0;0;1;10
PRÁTICAS INTEGRATIVAS E COMPLEMENTARES EM SAÚDE HUMANA;4189;4189;0;0;0;33;188
PSICOLOGIA E PSICANÁLISE;48664;48664;0;0;0;485;1501
PUBLICIDADE;18512;18512;0;0;0;180;2288
PUBLICIDADE E PROPAGANDA;1;1;0;0;0;1;0
RANICULTURA;17;17;0;0;0;1;3
RECARGA DE CARTUCHOS PARA EQUIPAMENTOS DE INFORMÁTICA;2470;2470;0;0;0;10;233
RECONDICIONAMENTO DE BATERIAS E ACUMULADORES PARA VEÍCULOS AUTOMOTORES;21;21;0;0;0;0;10
RECONDICIONAMENTO E RECUPERAÇĂO DE MOTORES PARA VEÍCULOS AUTOMOTORES;5021;5021;0;0;0;49;504
RECUPERAÇĂO DE MATERIAIS METÁLICOS, EXCETO ALUMÍNIO;5097;5097;0;0;0;55;637
RECUPERAÇĂO DE MATERIAIS NĂO ESPECIFICADOS ANTERIORMENTE;5298;5298;0;0;0;68;991
RECUPERAÇĂO DE MATERIAIS PLÁSTICOS;7768;7768;0;0;0;74;949
RECUPERAÇĂO DE SUCATAS DE ALUMÍNIO;8053;8053;0;0;0;83;898
REFINO E OUTROS TRATAMENTOS DO SAL;22;22;0;0;0;0;1
REFORMA DE PNEUMÁTICOS USADOS;743;743;0;0;0;5;87
RELAMINADOS, TREFILADOS E PERFILADOS DE AÇO;77;77;0;0;0;0;8
REPARAÇĂO DE ARTIGOS DO MOBILIÁRIO;20294;20294;0;0;0;140;3281
REPARAÇĂO DE BICICLETAS, TRICICLOS E OUTROS VEÍCULOS NĂO MOTORIZADOS;6651;6651;0;0;0;44;1460
REPARAÇĂO DE CALÇADOS, BOLSAS E ARTIGOS DE VIAGEM;4656;4656;0;0;0;34;1056
REPARAÇĂO DE JÓIAS;4675;4675;0;0;0;39;522
REPARAÇĂO DE RELÓGIOS;2470;2470;0;0;0;16;504
REPARAÇĂO E MANUTENÇĂO DE COMPUTADORES E DE EQUIPAMENTOS PERIFÉRICOS;143956;143956;0;0;0;1819;5547
REPARAÇĂO E MANUTENÇĂO DE EQUIPAMENTOS DE COMUNICAÇĂO;59661;59661;0;0;0;567;2633
REPARAÇĂO E MANUTENÇĂO DE EQUIPAMENTOS ELETROELETRÔNICOS DE USO PESSOAL E DOMÉSTICO;37816;37816;0;0;0;338;4879
REPARAÇĂO E MANUTENÇĂO DE OUTROS OBJETOS E EQUIPAMENTOS PESSOAIS E DOMÉSTICOS NĂO ESPECIFICADOS ANTERIORMENTE;12373;12373;0;0;0;125;1628
REPRESENTANTE COMERCIAL;1;1;0;0;0;1;0
REPRESENTANTES COMERCIAIS E AGENTES DO COMÉRCIO DE COMBUSTÍVEIS, MINERAIS, PRODUTOS SIDERÚRGICOS E QUÍMICOS;4278;4278;0;0;0;14;311
REPRESENTANTES COMERCIAIS E AGENTES DO COMÉRCIO DE ELETRODOMÉSTICOS, MÓVEIS E ARTIGOS DE USO DOMÉSTICO;2774;2774;0;0;0;18;336
REPRESENTANTES COMERCIAIS E AGENTES DO COMÉRCIO DE INSTRUMENTOS E MATERIAIS ODONTO-MÉDICO-HOSPITALARES;1503;1503;0;0;0;13;112
REPRESENTANTES COMERCIAIS E AGENTES DO COMÉRCIO DE JORNAIS, REVISTAS E OUTRAS PUBLICAÇŐES;281;281;0;0;0;3;22
REPRESENTANTES COMERCIAIS E AGENTES DO COMÉRCIO DE MADEIRA, MATERIAL DE CONSTRUÇĂO E FERRAGENS;10210;10210;0;0;0;53;1125
REPRESENTANTES COMERCIAIS E AGENTES DO COMÉRCIO DE MATÉRIAS-PRIMAS AGRÍCOLAS E ANIMAIS VIVOS;3953;3953;0;0;0;15;357
REPRESENTANTES COMERCIAIS E AGENTES DO COMÉRCIO DE MEDICAMENTOS, COSMÉTICOS E PRODUTOS DE PERFUMARIA;7062;7062;0;0;0;42;671
REPRESENTANTES COMERCIAIS E AGENTES DO COMÉRCIO DE MERCADORIAS EM GERAL NĂO ESPECIALIZADO;40793;40793;0;0;0;261;3838
REPRESENTANTES COMERCIAIS E AGENTES DO COMÉRCIO DE MOTOCICLETAS E MOTONETAS, PEÇAS E ACESSÓRIOS;1017;1017;0;0;0;3;75
REPRESENTANTES COMERCIAIS E AGENTES DO COMÉRCIO DE MÁQUINAS, EQUIPAMENTOS, EMBARCAÇŐES E AERONAVES;2826;2826;0;0;0;26;274
REPRESENTANTES COMERCIAIS E AGENTES DO COMÉRCIO DE PEÇAS E ACESSÓRIOS NOVOS E USADOS PARA VEÍCULOS AUTOMOTORES;2414;2414;0;0;0;13;225
REPRESENTANTES COMERCIAIS E AGENTES DO COMÉRCIO DE PRODUTOS ALIMENTÍCIOS, BEBIDAS E FUMO;17019;17019;0;0;0;96;1934
REPRESENTANTES COMERCIAIS E AGENTES DO COMÉRCIO DE TĘXTEIS, VESTUÁRIO, CALÇADOS E ARTIGOS DE VIAGEM;7130;7130;0;0;0;47;898
REPRESENTANTES COMERCIAIS E AGENTES DO COMÉRCIO DE VEÍCULOS AUTOMOTORES;1028;1028;0;0;0;6;98
REPRESENTANTES COMERCIAIS E AGENTES DO COMÉRCIO ESPECIALIZADO EM PRODUTOS;8779;8779;0;0;0;73;1019
REPRODUÇĂO DE SOFTWARE EM QUALQUER SUPORTE;620;620;0;0;0;2;44
REPRODUÇĂO DE SOM EM QUALQUER SUPORTE;63;63;0;0;0;1;15
REPRODUÇĂO DE VÍDEO EM QUALQUER SUPORTE;74;74;0;0;0;0;18
REPRODUÇĂO HUMANA;68;68;0;0;0;0;5
RERREFINO DE ÓLEOS LUBRIFICANTES;10;10;0;0;0;0;1
RESTAURANTES E SIMILARES;359281;359281;0;0;0;2752;30313
RESTAURAÇĂO DE OBRAS DE ARTE;2142;2142;0;0;0;25;132
RESTAURAÇĂO E CONSERVAÇĂO DE LUGARES E PRÉDIOS HISTÓRICOS;525;525;0;0;0;3;63
Salas de acesso ŕ internet;11014;11014;0;0;0;81;1046
SANITIZAÇĂO DE AMBIENTES;1;1;0;0;0;1;0
SAUNA E BANHOS;96;96;0;0;0;3;16
SECRETARIA DE TURISMO;3;0;0;0;3;0;0
SECURITIZAÇĂO DE CRÉDITOS;2;2;0;0;0;0;0
SEGURANÇA - EQUIP E SISTEMAS;5625;0;5625;0;0;5625;0
SELEÇĂO E AGENCIAMENTO DE MĂO DE OBRA;2718;2718;0;0;0;34;122
SERRARIAS COM DESDOBRAMENTO DE MADEIRA EM BRUTO;4366;4366;0;0;0;63;1019
SERRARIAS SEM DESDOBRAMENTO DE MADEIRA EM BRUTO -RESSERRAGEM;758;758;0;0;0;5;135
SERVIÇO DE CORTE E DOBRA DE METAIS;1046;1046;0;0;0;6;63
SERVIÇO DE INSEMINAÇĂO ARTIFICIAL EM ANIMAIS;392;392;0;0;0;1;37
SERVIÇO DE LABORATÓRIO ÓPTICO;225;225;0;0;0;4;23
SERVIÇO DE MANEJO DE ANIMAIS;591;591;0;0;0;0;72
SERVIÇO DE PODA DE ÁRVORES PARA LAVOURAS;6291;6291;0;0;0;61;506
SERVIÇO DE PREPARAÇĂO DE TERRENO, CULTIVO E COLHEITA;51265;51265;0;0;0;336;3050
SERVIÇO DE PULVERIZAÇĂO E CONTROLE DE PRAGAS AGRÍCOLAS;3230;3230;0;0;0;13;502
SERVIÇO DE REBOCADORES E EMPURRADORES;8;8;0;0;0;0;0
SERVIÇO DE TOSQUIAMENTO DE OVINOS;292;292;0;0;0;2;56
SERVIÇO DE TRANSPORTE DE PASSAGEIROS - LOCAÇĂO DE AUTOMÓVEIS COM MOTORISTA;5329;5329;0;0;0;33;832
SERVIÇO DE TRATAMENTO DE MADEIRA REALIZADO SOB CONTRATO;160;160;0;0;0;1;11
SERVIÇO DE TÁXI AÉREO E LOCAÇĂO DE AERONAVES COM TRIPULAÇĂO;122;122;0;0;0;3;11
SERVIÇO MÓVEL ESPECIALIZADO - SME;17;17;0;0;0;0;3
SERVIÇOS ADVOCATÍCIOS;105881;105881;0;0;0;557;8271
SERVIÇOS AMBULANTES DE ALIMENTAÇĂO;213012;213012;0;0;0;1984;29189
SERVIÇOS COMBINADOS DE ESCRITÓRIO E APOIO ADMINISTRATIVO;173144;173144;0;0;0;2227;10658
SERVIÇOS COMBINADOS PARA APOIO A EDIFÍCIOS, EXCETO CONDOMÍNIOS PREDIAIS;9957;9957;0;0;0;75;959
SERVIÇOS DE ACABAMENTOS GRÁFICOS, EXCETO ENCADERNAÇĂO E PLASTIFICAÇĂO;2505;2505;0;0;0;23;482
SERVIÇOS DE ADESTRAMENTO DE CĂES DE GUARDA;1789;1789;0;0;0;26;160
SERVIÇOS DE AGRONOMIA E DE CONSULTORIA ŔS ATIVIDADES AGRÍCOLAS E PECUÁRIAS;12058;12058;0;0;0;44;922
SERVIÇOS DE ALIMENTAÇĂO PARA EVENTOS E RECEPÇŐES - BUFĘ;49342;49342;0;0;0;406;3958
SERVIÇOS DE ALINHAMENTO E BALANCEAMENTO DE VEÍCULOS AUTOMOTORES;3374;3374;0;0;0;18;553
SERVIÇOS DE APOIO AO TRANSPORTE POR TÁXI, INCLUSIVE CENTRAIS DE CHAMADA;198;198;0;0;0;0;23
SERVIÇOS DE ASSISTĘNCIA SOCIAL;863;863;0;0;0;5;47
SERVIÇOS DE BANCOS DE CÉLULAS E TECIDOS HUMANOS;8;8;0;0;0;1;1
SERVIÇOS DE BORRACHARIA PARA VEÍCULOS AUTOMOTORES;40956;40956;0;0;0;235;7903
SERVIÇOS DE CAPOTARIA;3677;3677;0;0;0;28;550
SERVIÇOS DE CARTOGRAFIA, TOPOGRAFIA E GEODÉSIA;4266;4266;0;0;0;19;371
SERVIÇOS DE COMUNICAÇĂO MULTIMÍDIA - SCM;12648;12648;0;0;0;72;865
SERVIÇOS DE CONFECÇĂO DE ARMAÇŐES METÁLICAS PARA A CONSTRUÇĂO;13240;13240;0;0;0;134;1383
SERVIÇOS DE CREMAÇĂO;123;123;0;0;0;0;21
SERVIÇOS DE DESENHO TÉCNICO RELACIONADOS Ŕ ARQUITETURA E ENGENHARIA;7564;7564;0;0;0;52;681
SERVIÇOS DE DIAGNÓSTICO POR IMAGEM COM USO DE RADIAÇĂO IONIZANTE, EXCETO TOMOGRAFIA;4045;4045;0;0;0;25;550
SERVIÇOS DE DIAGNÓSTICO POR IMAGEM SEM USO DE RADIAÇĂO IONIZANTE, EXCETO RESSONÂNCIA MAGNÉTICA;1523;1523;0;0;0;8;200
SERVIÇOS DE DIAGNÓSTICO POR MÉTODOS ÓPTICOS - ENDOSCOPIA E OUTROS EXAMES ANÁLOGOS;295;295;0;0;0;2;43
SERVIÇOS DE DIAGNÓSTICO POR REGISTRO GRÁFICO - ECG, EEG E OUTROS EXAMES ANÁLOGOS;436;436;0;0;0;2;47
SERVIÇOS DE DIÁLISE E NEFROLOGIA;139;139;0;0;0;1;11
SERVIÇOS DE DUBLAGEM;1919;1919;0;0;0;37;49
SERVIÇOS DE ENCADERNAÇĂO E PLASTIFICAÇĂO;3465;3465;0;0;0;27;230
SERVIÇOS DE ENGENHARIA;74602;74602;0;0;0;506;3542
SERVIÇOS DE ENTREGA RÁPIDA;224607;224607;0;0;0;6949;12572
SERVIÇOS DE FUNERÁRIAS;7730;7730;0;0;0;76;1213
SERVIÇOS DE GRAVAÇĂO DE CARIMBOS, EXCETO CONFECÇĂO;520;520;0;0;0;5;45
SERVIÇOS DE HEMOTERAPIA;47;47;0;0;0;1;5
SERVIÇOS DE INSTALAÇĂO, MANUTENÇĂO E REPARAÇĂO DE ACESSÓRIOS PARA VEÍCULOS AUTOMOTORES;44909;44909;0;0;0;286;3289
SERVIÇOS DE LANTERNAGEM OU FUNILARIA E PINTURA DE VEÍCULOS AUTOMOTORES;78201;78201;0;0;0;528;11736
SERVIÇOS DE LAVAGEM, LUBRIFICAÇĂO E POLIMENTO DE VEÍCULOS AUTOMOTORES;104668;104668;0;0;0;725;12536
SERVIÇOS DE LEVANTAMENTO DE FUNDOS SOB CONTRATO;98;98;0;0;0;1;7
SERVIÇOS DE LITOTRIPCIA;6;6;0;0;0;0;1
SERVIÇOS DE MALOTE NĂO REALIZADOS PELO CORREIO NACIONAL;121951;121951;0;0;0;1986;2221
SERVIÇOS DE MANUTENÇĂO E REPARAÇĂO ELÉTRICA DE VEÍCULOS AUTOMOTORES;31598;31598;0;0;0;193;4029
SERVIÇOS DE MANUTENÇĂO E REPARAÇĂO MECÂNICA DE VEÍCULOS AUTOMOTORES;204656;204656;0;0;0;1615;25633
SERVIÇOS DE MICROFILMAGEM;72;72;0;0;0;0;13
SERVIÇOS DE MIXAGEM SONORA EM PRODUÇĂO AUDIOVISUAL;490;490;0;0;0;5;57
SERVIÇOS DE MONTAGEM DE MÓVEIS DE QUALQUER MATERIAL;45338;45338;0;0;0;475;4998
SERVIÇOS DE OPERAÇĂO E FORNECIMENTO DE EQUIPAMENTOS PARA TRANSPORTE E ELEVAÇĂO DE CARGAS E PESSOAS PARA USO EM OBRAS;1730;1730;0;0;0;11;134
SERVIÇOS DE ORGANIZAÇĂO DE FEIRAS, CONGRESSOS, EXPOSIÇŐES E FESTAS;204371;204371;0;0;0;2415;10423
SERVIÇOS DE PERÍCIA TÉCNICA RELACIONADOS Ŕ SEGURANÇA DO TRABALHO;3600;3600;0;0;0;24;185
SERVIÇOS DE PINTURA DE EDIFÍCIOS EM GERAL;190255;190255;0;0;0;1614;29771
SERVIÇOS DE PRATICAGEM;26;26;0;0;0;0;2
SERVIÇOS DE PREPARAÇĂO DO TERRENO NĂO ESPECIFICADOS ANTERIORMENTE;285;285;0;0;0;1;35
SERVIÇOS DE PRÉ-IMPRESSĂO;23797;23797;0;0;0;400;609
SERVIÇOS DE PRÓTESE DENTÁRIA;4797;4797;0;0;0;27;527
SERVIÇOS DE QUIMIOTERAPIA;12;12;0;0;0;0;1
SERVIÇOS DE RADIOTERAPIA;119;119;0;0;0;0;7
SERVIÇOS DE REBOQUE DE VEÍCULOS;18401;18401;0;0;0;168;1491
SERVIÇOS DE REDES DE TRANSPORTES DE TELECOMUNICAÇŐES - SRTT;74;74;0;0;0;0;6
SERVIÇOS DE REMOÇĂO DE PACIENTES, EXCETO OS SERVIÇOS MÓVEIS DE ATENDIMENTO A URGĘNCIAS;423;423;0;0;0;2;30
SERVIÇOS DE RESERVAS E OUTROS SERVIÇOS DE TURISMO NĂO ESPECIFICADOS ANTERIORMENTE;8733;8733;0;0;0;84;521
SERVIÇOS DE RESSONÂNCIA MAGNÉTICA;168;168;0;0;0;3;8
SERVIÇOS DE SEPULTAMENTO;240;240;0;0;0;5;64
SERVIÇOS DE SOMATOCONSERVAÇĂO;176;176;0;0;0;0;14
SERVIÇOS DE TATUAGEM E COLOCAÇĂO DE PIERCING;33465;33465;0;0;0;332;1556
SERVIÇOS DE TELECOMUNICAÇŐES;126;126;0;0;0;0;12
SERVIÇOS DE TELECOMUNICAÇŐES SEM FIO;141;141;0;0;0;1;20
SERVIÇOS DE TELEFONIA FIXA COMUTADA - STFC;272;272;0;0;0;0;19
SERVIÇOS DE TOMOGRAFIA;451;451;0;0;0;5;40
SERVIÇOS DE TRADUÇĂO, INTERPRETAÇĂO E SIMILARES;1745;1745;0;0;0;16;119
SERVIÇOS DE TRATAMENTO E REVESTIMENTO EM METAIS;2788;2788;0;0;0;22;301
SERVIÇOS DE USINAGEM, SOLDA, TRATAMENTO E REVESTIMENTO EM METAIS;1;1;0;0;0;0;1
SERVIÇOS DE USINAGEM, TORNEARIA E SOLDA;58275;58275;0;0;0;381;5657
SERVIÇOS DE VACINAÇĂO E IMUNIZAÇĂO HUMANA;638;638;0;0;0;6;47
SERVIÇOS DOMÉSTICOS;245511;245511;0;0;0;2637;30573
SERVIÇOS ESPECIALIZADOS PARA CONSTRUÇĂO;25747;25747;0;0;0;190;2585
SERVIÇOS MÓVEIS DE ATENDIMENTO A URGĘNCIAS, EXCETO POR UTI MÓVEL;130;130;0;0;0;0;7
SOCIEDADE SEGURADORA DE SEGUROS VIDA;1;1;0;0;0;0;1
SOCIEDADES DE CAPITALIZAÇĂO;1;1;0;0;0;0;0
SOCIEDADES DE CRÉDITO, FINANCIAMENTO E INVESTIMENTO - FINANCEIRAS;1;1;0;0;0;0;1
SOCIEDADES DE FOMENTO MERCANTIL - FACTORING;5;5;0;0;0;0;1
SONORIZAÇĂO E DE ILUMINAÇĂO;27573;27573;0;0;0;320;1484
SUPORTE TÉCNICO, MANUTENÇĂO E OUTROS SERVIÇOS EM TECNOLOGIA DA INFORMAÇĂO;48303;48303;0;0;0;552;2694
TABACARIA;17451;17451;0;0;0;148;1287
TEATROS;6074;6074;0;0;0;64;1020
TEATROS;394;394;0;0;0;4;38
TECELAGEM;494;494;0;0;0;2;84
TECELAGEM;129;129;0;0;0;1;14
TECELAGEM;783;783;0;0;0;7;122
TELEATENDIMENTO;2450;2450;0;0;0;29;234
TELECOMUNICAÇŐES POR SATÉLITE;76;76;0;0;0;0;13
TELEFONIA - OPERADORAS - FIXA E CELULARES;1;1;0;0;0;1;0
TELEFONIA MÓVEL CELULAR;166;166;0;0;0;1;19
TELEVISĂO POR ASSINATURA, EXCETO PROGRAMADORAS;39;39;0;0;0;0;7
TERAPIA DE NUTRIÇĂO ENTERAL E PARENTERAL;47;47;0;0;0;3;3
TERAPIA OCUPACIONAL;5352;5352;0;0;0;78;115
TERMINAIS RODOVIÁRIOS E FERROVIÁRIOS;111;111;0;0;0;2;37
TESTES E ANÁLISES TÉCNICAS;2798;2798;0;0;0;20;234
TINTURARIAS;296;296;0;0;0;2;24
TOALHEIROS;1898;1898;0;0;0;8;175
TORREFAÇĂO E MOAGEM DE CAFÉ;1090;1090;0;0;0;12;95
TRANSPORTE AQUAVIÁRIO PARA PASSEIOS TURÍSTICOS;3084;3084;0;0;0;22;253
TRANSPORTE AÉREO DE CARGA;29;29;0;0;0;0;1
TRANSPORTE AÉREO DE PASSAGEIROS REGULAR;9;9;0;0;0;0;1
TRANSPORTE DE VALORES;14;14;0;0;0;1;0
TRANSPORTE DUTOVIÁRIO;4;4;0;0;0;0;1
TRANSPORTE ESCOLAR;54039;54039;0;0;0;335;8969
Transporte espacial;6;6;0;0;0;0;2
TRANSPORTE FERROVIÁRIO DE CARGA;10;10;0;0;0;2;3
TRANSPORTE FERROVIÁRIO DE PASSAGEIROS MUNICIPAL E EM REGIĂO METROPOLITANA;2;2;0;0;0;0;1
TRANSPORTE MARÍTIMO DE CABOTAGEM - CARGA;777;777;0;0;0;9;34
TRANSPORTE MARÍTIMO DE LONGO CURSO - CARGA;21;21;0;0;0;0;1
TRANSPORTE MARÍTIMO DE LONGO CURSO - PASSAGEIROS;18;18;0;0;0;0;2
Transporte marítimo de cabotagem - passageiros;32;32;0;0;0;1;3
TRANSPORTE POR NAVEGAÇĂO DE TRAVESSIA INTERMUNICIPAL, INTERESTADUAL E INTERNACIONAL;939;939;0;0;0;16;74
TRANSPORTE POR NAVEGAÇĂO DE TRAVESSIA, MUNICIPAL;745;745;0;0;0;6;80
TRANSPORTE POR NAVEGAÇĂO INTERIOR DE CARGA, INTERMUNICIPAL, INTERESTADUAL E INTERNACIONAL, EXCETO TRAVESSIA;242;242;0;0;0;1;24
TRANSPORTE POR NAVEGAÇĂO INTERIOR DE CARGA, MUNICIPAL, EXCETO TRAVESSIA;1009;1009;0;0;0;3;62
TRANSPORTE POR NAVEGAÇĂO INTERIOR DE PASSAGEIROS EM LINHAS REGULARES, INTERMUNICIPAL, INTERESTADUAL E INTERNACIONAL, EXCETO TRAVESSIA;306;306;0;0;0;3;20
TRANSPORTE POR NAVEGAÇĂO INTERIOR DE PASSAGEIROS EM LINHAS REGULARES, MUNICIPAL, EXCETO TRAVESSIA;124;124;0;0;0;3;12
TRANSPORTE RODOVIÁRIO COLETIVO DE PASSAGEIROS, COM ITINERÁRIO FIXO, INTERESTADUAL;7;7;0;0;0;1;1
TRANSPORTE RODOVIÁRIO COLETIVO DE PASSAGEIROS, COM ITINERÁRIO FIXO, INTERMUNICIPAL EM REGIĂO METROPOLITANA;1304;1304;0;0;0;10;136
TRANSPORTE RODOVIÁRIO COLETIVO DE PASSAGEIROS, COM ITINERÁRIO FIXO, INTERMUNICIPAL, EXCETO EM REGIĂO METROPOLITANA;17;17;0;0;0;0;5
TRANSPORTE RODOVIÁRIO COLETIVO DE PASSAGEIROS, COM ITINERÁRIO FIXO, INTERNACIONAL;19;19;0;0;0;0;4
TRANSPORTE RODOVIÁRIO COLETIVO DE PASSAGEIROS, COM ITINERÁRIO FIXO, MUNICIPAL;5450;5450;0;0;0;50;1008
TRANSPORTE RODOVIÁRIO COLETIVO DE PASSAGEIROS, SOB REGIME DE FRETAMENTO, INTERMUNICIPAL, INTERESTADUAL E INTERNACIONAL;31968;31968;0;0;0;239;3039
TRANSPORTE RODOVIÁRIO COLETIVO DE PASSAGEIROS, SOB REGIME DE FRETAMENTO, MUNICIPAL;71291;71291;0;0;0;320;5220
TRANSPORTE RODOVIÁRIO DE CARGA, EXCETO PRODUTOS PERIGOSOS E MUDANÇAS, INTERMUNICIPAL, INTERESTADUAL E INTERNACIONAL;229099;229099;0;0;0;1739;19478
TRANSPORTE RODOVIÁRIO DE CARGA, EXCETO PRODUTOS PERIGOSOS E MUDANÇAS, MUNICIPAL;314829;314829;0;0;0;3011;19079
TRANSPORTE RODOVIÁRIO DE MUDANÇAS;26760;26760;0;0;0;218;2833
TRANSPORTE RODOVIÁRIO DE PRODUTOS PERIGOSOS;7387;7387;0;0;0;57;667
TRANSPORTES AÉREOS, EXCETO OPERAÇĂO DOS AEROPORTOS E CAMPOS DE ATERRISSAGEM;1987;1987;0;0;0;22;105
Tratamento de dados, provedores de serviços de aplicaçăo e serviços de hospedagem na internet;11351;11351;0;0;0;128;1369
TRATAMENTO E DISPOSIÇĂO DE RESÍDUOS NĂO PERIGOSOS;225;225;0;0;0;0;13
TRATAMENTO E DISPOSIÇĂO DE RESÍDUOS PERIGOSOS;64;64;0;0;0;0;4
TRATAMENTOS TÉRMICOS, ACÚSTICOS OU DE VIBRAÇĂO;3070;3070;0;0;0;22;257
TREINAMENTO E DESENVOLVIMENTO;1;1;0;0;0;0;0
TREINAMENTO EM DESENVOLVIMENTO PROFISSIONAL E GERENCIAL;230976;230975;1;0;0;2382;8097
TREINAMENTO EM INFORMÁTICA;44370;44370;0;0;0;621;1185
TRENS TURÍSTICOS, TELEFÉRICOS E SIMILARES;26;26;0;0;0;0;1
TÁXI;77089;77089;0;0;0;479;15743
USINAS DE COMPOSTAGEM;189;189;0;0;0;0;19
UTI MÓVEL;200;200;0;0;0;0;18
UTILIDADE PÚBLICA;3;0;0;0;3;1;0
VETERINÁRIAS;23152;23152;0;0;0;207;1297
VIDRAÇARIA;25733;25733;0;0;0;190;3076
WEB DESIGNER;5467;5467;0;0;0;50;172
Totais;18630901;18607198;23673;0;30;202439;1835192
